companyname,companywebsite,companyemaildomain,linkedincompanypageurl,stocksymbol,industry,city,state,companycountry,zipcode
ACOR Consultants Adelaide,acorconsultants.com.au,acorconsultants.com.au,,,,,,AU,
Honeywell Ltd North Ryde,honeywell.com,honeywell.com,,,,,,AU,
Ventia Australia Pty Ltd,ventia.com,ventia.com,,,,,,AU,
AECOM Australia Pty Ltd,aecom.com,aecom.com,,,,,,AU,
Mott MacDonald Australia Pty Ltd Adelaide,mottmac.com,mottmac.com,,,,,,AU,
GHD Pty Ltd Adelaide,ghd.com,ghd.com,,,,,,AU,
Aurecon Australasia Pty Ltd - Adelaide,aurecongroup.com,aurecongroup.com,,,,,,AU,
Viridian Geelong,viridian.cc,viridian.cc,,,,,,AU,
WSP Australia - Adelaide,wsp.com,wsp.com,,,,,,AU,
Lucid Consulting Engineers (SA) Pty Ltd,lucidconsulting.com.au,lucidconsulting.com.au,,,,,,AU,
Stantec - St Leonards,stantec.com,stantec.com,,,,,,AU,
AND NETWORK,andnetwork.com.au,andnetwork.com.au,,,,,,AU,
Laing O'Rourke Australia Construction Pty Ltd North Sydney,laingorourke.com,laingorourke.com,,,,,,AU,
Jacobs Group (Australia) Pty Ltd South Brisbane,jacobs-group.com,jacobs-group.com,,,,,,AU,
Worley Services Pty Ltd - Melbourne,worley.com,worley.com,,,,,,AU,
Hansen Yuncken Pty Ltd Melbourne,hansenyuncken.com.au,hansenyuncken.com.au,,,,,,AU,
DRA Global Pty Ltd,draglobal.com,draglobal.com,,,,,,AU,
Murray Engineering Pty Ltd Pinjarra,murrayengineering.com.au,murrayengineering.com.au,,,,,,AU,
Arup ANZ Region - Sydney,arup.com,arup.com,,,,,,NZ,
Kellogg Brown & Root Pty Ltd (KBR),kelloggs.com,kelloggs.com,,,,,,AU,
Sage Automation Pty Ltd Tonsley,sageautomation.com,sageautomation.com,,,,,,AU,
JHA Consulting Engineers Pty Ltd QLD,jhaservices.com,jhaservices.com,,,,,,AU,
Building Services Engineers Pty Ltd,bse.com.au,bse.com.au,,,,,,AU,
System Solutions Engineering Pty Ltd,syssoleng.com.au,syssoleng.com.au,,,,,,AU,
Wood Group Australia,woodgroup.com,woodgroup.com,,,,,,AU,
Fujitsu New Zealand Ltd Wellington,fujitsu.com,fujitsu.com,,,,,,NZ,
Saipem Australia Pty Ltd,saipem.com,saipem.com,,,,,,AU,
GR Engineering Services Ltd,gres.com.au,gres.com.au,,,,,,AU,
Mayfield Industries Pty Ltd Edinburgh,mayfieldindustries.com.au,mayfieldindustries.com.au,,,,,,AU,
Integrated Group Services Pty Ltd (IGS),igs.com.au,igs.com.au,,,,,,AU,
Jaydo Electrical & Engineering Services Pty Ltd,jaydo.com.au,jaydo.com.au,,,,,,AU,
FL Smidth Pty Ltd Pinkenba,flsmidth.com,flsmidth.com,,,,,,AU,
Actemium Manufacturing Australia Wacol,actemium.com,actemium.com,,,,,,AU,
Calibre Global Pty Ltd Perth,calibreglobal.com.au,calibreglobal.com.au,,,,,,AU,
Downer EDI Engineering Pty Ltd SOUTH BRISBANE,downeredi.co.nz,downeredi.co.nz,,,,,,NZ,
Alerton Australia,alerton.com.au,alerton.com.au,,,,,,AU,
Grosvenor Engineering Group Pty Ltd Kingsgrove,gegroup.com.au,gegroup.com.au,,,,,,AU,
Pbe Rutherford Mining Pty Ltd Tomago,pberutherford.com,pberutherford.com,,,,,,AU,
Seymour Whyte Construction Pty Ltd,seymourwhyte.com.au,seymourwhyte.com.au,,,,,,AU,
First Focus It Pty Ltd,firstfocus.com.au,firstfocus.com.au,,,,,,AU,
Austal Ships Pty Ltd,austal.com,austal.com,,,,,,AU,
Nutbrook Engineering Group Pty Ltd Perth,nutbrookgroup.com,nutbrookgroup.com,,,,,,AU,
Waterman AHW (Vic) Pty Ltd,waterman.com,waterman.com,,,,,,AU,
SJ Electric Group (QLD) Trivantage Manufacturing,sjelectrical.com.au,sjelectrical.com.au,,,,,,AU,
Vos Construction & Joinery Pty Ltd,vosconstruction.com.au,vosconstruction.com.au,,,,,,AU,
Hutchinson Builders,hutchinsonbuilders.com.au,hutchinsonbuilders.com.au,,,,,,AU,
Webb Australia Group Pty Ltd Gordon,webbaustralia.com.au,webbaustralia.com.au,,,,,,AU,
Erbas & Associates Pty Ltd - Sydney,erbas.com.au,erbas.com.au,,,,,,AU,
Edison Consultants Pty Ltd,edisonconsultants.com.au,edisonconsultants.com.au,,,,,,AU,
Davey Water Products Pty Ltd,davey.com.au,davey.com.au,,,,,,AU,
John Holland Pty Ltd Pyrmont,johnholland.com.au,johnholland.com.au,,,,,,AU,
Cundall North Sydney,cundall.com,cundall.com,,,,,,AU,
Everett Smith & Co. Pty Ltd,everettsmith.com.au,everettsmith.com.au,,,,,,AU,
Nilsen Switchboards (SA) Pty Ltd,nilsen.com.au,nilsen.com.au,,,,,,AU,
Jacobs Solutions - AUZ - North Sydney,jacobssolutions.com,jacobssolutions.com,,,,,,AU,
Accenture Australia Pty Ltd,accenture.com,accenture.com,,,,,,AU,
Sunterra Energy Pty Ltd,sunterraenergy.com,sunterraenergy.com,,,,,,AU,
Fluor Australia Pty Ltd,fluor.com,fluor.com,,,,,,AU,
Engineering Partners Pty Ltd,engineeringpartners.com,engineeringpartners.com,,,,,,AU,
Northern Specialised Electrical Pty Ltd,northern.com.au,northern.com.au,,,,,,AU,
MPA Engineering Pty Ltd Caboolture,mpaeng.com.au,mpaeng.com.au,,,,,,AU,
Panasonic Australia Pty Ltd C/- Dhl Supply Chain Attn Quoc Nguyen,panasonic.com,panasonic.com,,,,,,AU,
Lai Switchboards Australia Pty Ltd - Epping,laiswitchboards.com.au,laiswitchboards.com.au,,,,,,AU,
Porta Products Pty Ltd Somersby,portaproducts.com,portaproducts.com,,,,,,AU,
Powins Pty Ltd (QLD) Wynnum,powins.com.au,powins.com.au,,,,,,AU,
PJM Engineering Services Pty Ltd,pjmeng.com.au,pjmeng.com.au,,,,,,AU,
Ampcontrol (QLD) Pty Ltd,ampcontrolgroup.com,ampcontrolgroup.com,,,,,,AU,
Dematic Pty Ltd Belrose,dematic.com,dematic.com,,,,,,AU,
Advanced Property Solutions (VIC) Pty Ltd Dingley,advancedpropertyusa.com,advancedpropertyusa.com,,,,,,AU,
Stowe Australia Pty Ltd Eight Mile Plains,stoweaustralia.com.au,stoweaustralia.com.au,,,,,,AU,
Knorr - Bremse Australia Pty Ltd,knorr.com,knorr.com,,,,,,AU,
CMS Engineering Pty Ltd,cmseng.com.au,cmseng.com.au,,,,,,AU,
DCM Services Brooklyn Park,dcmservices.com.au,dcmservices.com.au,,,,,,AU,
Australian Air Conditioning & Mechanical Services,aacae.com.au,aacae.com.au,,,,,,AU,
Wa Mechanical Pty Ltd,wamechanical.com.au,wamechanical.com.au,,,,,,AU,
KK CONTRACTING PTY LTD,kkcontracting.com.au,kkcontracting.com.au,,,,,,AU,
JLE Manufacturing & Hire Pty Ltd,jle.com,jle.com,,,,,,AU,
Cosgroves Auckland Ltd,cosgrove.school.nz,cosgrove.school.nz,,,,,,NZ,
Jacobs New Zealand Ltd Auckland,jacobs.com,jacobs.com,,,,,,NZ,
BE Switchcraft Pty Ltd,beswitchcraft.com.au,beswitchcraft.com.au,,,,,,AU,
Saunders Automation Pty Ltd,saundershire.com.au,saundershire.com.au,,,,,,AU,
Arcadis Australia Zone HQ - Sydney,arcadis.com,arcadis.com,,,,,,AU,
Modus Projects Pty Ltd,modusprojects.com.au,modusprojects.com.au,,,,,,AU,
Nepean Power Pty Ltd Thornton,nepeanpower.com,nepeanpower.com,,,,,,AU,
A G Coombs (NSW) Pty Ltd,agcoombs.com.au,agcoombs.com.au,,,,,,AU,
Introba Melbourne,introba.com,introba.com,,,,,,AU,
Technipfmc Australia Pty Ltd,technipfmc.com,technipfmc.com,,,,,,AU,
Fulton Hogan Utilities Pty Ltd,fultonhogan.com,fultonhogan.com,,,,,,AU,
Steensen Varming (Australia) Pty Ltd,steensenvarming.com,steensenvarming.com,,,,,,AU,
Intelle Building Services Pty Ltd,intelle.com.au,intelle.com.au,,,,,,AU,
Emf Griffiths Pty Ltd Fortitude Valley,emf.com.au,emf.com.au,,,,,,AU,
Mja Consulting Engineers Pty Ltd,mjaconsulting.org,mjaconsulting.org,,,,,,AU,
Kapitol Group,kapitolgroup.com.au,kapitolgroup.com.au,,,,,,AU,
Broadspectrum (Australia) Pty Ltd Southbank,broadspectrumart.com,broadspectrumart.com,,,,,,AU,
Dynelec Australia,dynelec.com.au,dynelec.com.au,,,,,,AU,
22 Degrees Ltd,2degrees.nz,2degrees.nz,,,,,,NZ,
McMahon Engineering Consultancy Ltd,mcmahon-engineering.com,mcmahon-engineering.com,,,,,,AU,
Professional Consulting Services Ltd,pcsltd.co.nz,pcsltd.co.nz,,,,,,NZ,
LCI Consultants Brisbane,lciconsultants.com.au,lciconsultants.com.au,,,,,,AU,
Shape Australia Pty Ltd Canberra,shape.com,shape.com,,,,,,AU,
Wilken Service Pty Ltd,wilken.com.au,wilken.com.au,,,,,,AU,
Agile-eng,agileeng.com,agileeng.com,,,,,,AU,
Price Trandos Engineering Pty Ltd,pricetrandos.com.au,pricetrandos.com.au,,,,,,AU,
ADP CONSULTING PTY LTD,adpconsulting.com,adpconsulting.com,,,,,,AU,
SRS POWER PTY LTD,srspower.com.au,srspower.com.au,,,,,,AU,
BEON Energy Solutions Melbourne,beon-es.com.au,beon-es.com.au,,,,,,AU,
Jako Industries Pty Ltd,jako.com.au,jako.com.au,,,,,,AU,
Sonic Healthcare Ltd - Brisbane,sonicpathology.com.au,sonicpathology.com.au,,,,,,AU,
Mesh Consulting Ltd,meshconsulting.co.nz,meshconsulting.co.nz,,,,,,NZ,
Stephenson & Turner New Zealand Ltd,stephensonpersonalcare.com,stephensonpersonalcare.com,,,,,,NZ,
LMS Energy Pty Ltd,lms.com.au,lms.com.au,,,,,,AU,
Battery Specialties (Aust) Pty Ltd Welland,batteryspecialties.com,batteryspecialties.com,,,,,,AU,
Aggreko Generator Rentals Pty Ltd,aggreko.com,aggreko.com,,,,,,AU,
TX Australia Pty Ltd North Ryde,txaustralia.com.au,txaustralia.com.au,,,,,,AU,
Kounis Electrical & Switchroom Solutions Pty Ltd,kounis.eu,kounis.eu,,,,,,AU,
Ergo Consulting Ltd - Auckland Head Office,ergo.co.nz,ergo.co.nz,,,,,,NZ,
Zenviron Pty Ltd,zenviron.com,zenviron.com,,,,,,AU,
Crushing Services International Pty Ltd,crushingservices.com.au,crushingservices.com.au,,,,,,AU,
Control Systems Technology Pty Ltd,controlsystems.com.au,controlsystems.com.au,,,,,,AU,
Babbage Consultants Ltd Auckland,babbage.co.nz,babbage.co.nz,,,,,,NZ,
Trivantage Pty Ltd,trivantage.com,trivantage.com,,,,,,AU,
Clarke Energy (Australia) Pty Ltd,clarke-energy.com,clarke-energy.com,,,,,,AU,
Allied Pumps Pty Ltd,alliedpumps.com.au,alliedpumps.com.au,,,,,,AU,
McKay Ltd,mbt-law.com,mbt-law.com,,,,,,AU,
Intellex Consulting Group Ltd Auckland,intellex.co.nz,intellex.co.nz,,,,,,NZ,
Lycopodium Minerals Pty Ltd East Perth,lycopodium.com,lycopodium.com,,,,,,AU,
Avid EPG Group,avid.com,avid.com,,,,,,AU,
Fuji SMBE Macquarie Pty Ltd,smbmacquarie.com.au,smbmacquarie.com.au,,,,,,AU,
SAFEgroup Automation QLD Milton,safegroup.com.au,safegroup.com.au,,,,,,AU,
Evolved Engineering,evolvedengineering.com.au,evolvedengineering.com.au,,,,,,AU,
Cei Services Pty Ltd,ceiservices.com.au,ceiservices.com.au,,,,,,AU,
Service Stream Maintenance Pty Ltd Portsmith,servicestream.com.au,servicestream.com.au,,,,,,AU,
SDF Electrical Pty Ltd,sdf.net.au,sdf.net.au,,,,,,AU,
Alliance Automation Pty Ltd Morningside,alliancecochin.com,alliancecochin.com,,,,,,AU,
Como Engineers Pty Ltd,comoeng.com.au,comoeng.com.au,,,,,,AU,
Bse (QLD) Pty Ltd - Brisbane City,bseindia.com,bseindia.com,,,,,,AU,
Welcon Technologies Pty Ltd,welcon.com.au,welcon.com.au,,,,,,AU,
XCircle Pty Ltd,xcircle.com.au,xcircle.com.au,,,,,,AU,
Blue Star Atlantic Pty Ltd,bluestarcooking.com,bluestarcooking.com,,,,,,AU,
ARA Electrical Engineering Services Pty Ltd T/as J.A. Martin Electrical,araelec.com.au,araelec.com.au,,,,,,AU,
FCC Construction Australia,teamfcc.com,teamfcc.com,,,,,,AU,
EC Operations Pty Ltd EC Controls,ec-operations.com,ec-operations.com,,,,,,AU,
Plexus Engineers,plexus.com,plexus.com,,,,,,AU,
Onyx Projects Pty Ltd,onyx.com.au,onyx.com.au,,,,,,AU,
Watters Electrical Pty Ltd Shepparton,watters.com.au,watters.com.au,,,,,,AU,
Fredon (WA) Electrical Pty Ltd,fredon.com.au,fredon.com.au,,,,,,AU,
City Electrical Services (Aust) Pty Ltd,cityelectricalgroup.com.au,cityelectricalgroup.com.au,,,,,,AU,
United Air Conditioning & Mechanical Services Pty Ltd,unitednt.com.au,unitednt.com.au,,,,,,AU,
CV Services Group Pty Ltd,cvsg.com.au,cvsg.com.au,,,,,,AU,
Sunline Switchboards Pty Ltd,sunline.net.au,sunline.net.au,,,,,,AU,
Thiess Pty Ltd South Brisbane,thiess.com,thiess.com,,,,,,AU,
Cromarty South Launceston,cromarty.com.au,cromarty.com.au,,,,,,AU,
Edison Consulting Group Ltd - Auckland Head Office,edison.co.nz,edison.co.nz,,,,,,NZ,
Pedersen Read Ltd,pedersenread.co.nz,pedersenread.co.nz,,,,,,NZ,
Plummers Industries Pty Ltd Belmont,plummers.com.au,plummers.com.au,,,,,,AU,
Parakeelya Pty Ltd,parakeelya.com.au,parakeelya.com.au,,,,,,AU,
Harvey Air Conditioning Pty Ltd,harveyair.com.au,harveyair.com.au,,,,,,AU,
O P Industries Pty Ltd,op1industries.com,op1industries.com,,,,,,AU,
Grindley Construction Pty Ltd,grindley.com.au,grindley.com.au,,,,,,AU,
Rutherford Electrical Engineering Services Pty Ltd,rutherford.com.au,rutherford.com.au,,,,,,AU,
H3C Plus Pty Ltd,h3cplus.com.au,h3cplus.com.au,,,,,,AU,
Osmoflo Water Management Pty Ltd,osmoflo.com,osmoflo.com,,,,,,AU,
Border Switchboards Sheet Metal & Powder Coating,borderssp.com.au,borderssp.com.au,,,,,,AU,
Best Consultants Pty Ltd,bestconsultants.com.au,bestconsultants.com.au,,,,,,AU,
Asset Power Solutions Pty Ltd,assetpowersolutions.com.au,assetpowersolutions.com.au,,,,,,AU,
Pivotal Engineering Pty Ltd,pivotalengineers.com,pivotalengineers.com,,,,,,AU,
Pacific Energy Renewables WA Pty Ltd,pacificenergy.com.au,pacificenergy.com.au,,,,,,AU,
Kounis Metal Industries Pty Ltd Myaree,kounis.com.au,kounis.com.au,,,,,,AU,
Coordinated Engineering Services,coengserv.com.au,coengserv.com.au,,,,,,AU,
Mipac Pty Ltd Brisbane,mi-pac.com,mi-pac.com,,,,,,AU,
Entire Mechanical Services Pty Ltd,entire.com.au,entire.com.au,,,,,,AU,
Climatech NSW Pty Ltd,climatech.com.au,climatech.com.au,,,,,,AU,
Weber South Pacific Pty Ltd,webersouthpacific.com.au,webersouthpacific.com.au,,,,,,AU,
Intellihub Australia Pty Ltd,intellihub.com.au,intellihub.com.au,,,,,,AU,
VAE Group Cairns,vaegroup.com.au,vaegroup.com.au,,,,,,AU,
CPB Contractors Pty Ltd Fortitude Valley,cpbcon.com.au,cpbcon.com.au,,,,,,AU,
SGC Australia Pty Ltd,gosgc.com,gosgc.com,,,,,,AU,
Excess Power Equipment,shopexcessbrand.com,shopexcessbrand.com,,,,,,AU,
fluid hydraulic design and consultancy,fluidec.co.nz,fluidec.co.nz,,,,,,NZ,
Aotea Electric Auckland Ltd,aoteaelectricauckland.co.nz,aoteaelectricauckland.co.nz,,,,,,NZ,
Leco Switchgear Ltd,lecoswitchgear.co.nz,lecoswitchgear.co.nz,,,,,,NZ,
PGS Industries NEWSTONE NOMINEES PTY LTD,pgsindustries.com.au,pgsindustries.com.au,,,,,,AU,
Brooks Marchant Industries (ACT) Pty Ltd,brooksmarchant.com.au,brooksmarchant.com.au,,,,,,AU,
The Trustee for the PS Unit Trust T/A Progress Switchboards,thetrustee.com.au,thetrustee.com.au,,,,,,AU,
Q Electrical Services Pty Ltd,q2electrical.com.au,q2electrical.com.au,,,,,,AU,
Electrotech Systems T/as Troyberg Pty Ltd,electrotechsystems.com,electrotechsystems.com,,,,,,AU,
Verbrec Australia Pty Ltd,verbrec.com,verbrec.com,,,,,,AU,
BEC Engineering Pty Ltd,bec-engineering.com.au,bec-engineering.com.au,,,,,,AU,
Tasmanian Irrigation Pty Ltd,tasmanianirrigation.com.au,tasmanianirrigation.com.au,,,,,,AU,
Centigrade Mechanical Contracting Pty Ltd,centigradeservice.com,centigradeservice.com,,,,,,AU,
Universal ElectroTech Perth,universalelectrotech.com.au,universalelectrotech.com.au,,,,,,AU,
IS Systems Pty Ltd,issystems.com.au,issystems.com.au,,,,,,AU,
Barnwell Cambridge Pty Ltd,barnwellcambridge.com.au,barnwellcambridge.com.au,,,,,,AU,
PREH Pty Ltd,preh.com,preh.com,,,,,,AU,
NSG Boffa Pty Ltd,nsgboffa.com.au,nsgboffa.com.au,,,,,,AU,
Pensar Utilities Pty Ltd,pensar.com.au,pensar.com.au,,,,,,AU,
Arnold Electrical & Data Installations Pty Ltd,aedi.com.au,aedi.com.au,,,,,,AU,
Aquamonix Pty Ltd Landsdale,aquamonix.com.au,aquamonix.com.au,,,,,,AU,
Downer Utilities Australia Pty Ltd North Ryde,downer.com.au,downer.com.au,,,,,,AU,
PT Metalwerx Pty Ltd,ptmetalwerx.com.au,ptmetalwerx.com.au,,,,,,AU,
Van Wyk Electric Pty Ltd,vanwykelec.com.au,vanwykelec.com.au,,,,,,AU,
Altura Solutions Pty Ltd,alturasolutions.com.au,alturasolutions.com.au,,,,,,AU,
Paradigm Engineers Pty Ltd,paradigmengineers.com.au,paradigmengineers.com.au,,,,,,AU,
Synchronous Electrical Pty Ltd,syncelect.com.au,syncelect.com.au,,,,,,AU,
Chadwick Switchboards Pty Ltd,chadwickswitchboards.com.au,chadwickswitchboards.com.au,,,,,,AU,
Exclusive Switchboards Pty Ltd,exclusiveswitchboards.com.au,exclusiveswitchboards.com.au,,,,,,AU,
Quad Elec Pty Ltd,quadelec.com.au,quadelec.com.au,,,,,,AU,
AppsElec Pty Ltd,appselec.com.au,appselec.com.au,,,,,,AU,
DRC Switchboards Pty Ltd,drcswitchboards.com.au,drcswitchboards.com.au,,,,,,AU,
Perigon Pty Ltd Capalaba,goperigon.com,goperigon.com,,,,,,AU,
Klenner Murphy Electrical Pty Ltd,klennerelec.com.au,klennerelec.com.au,,,,,,AU,
Apex Electrical Contracting Pty Ltd,apexelectrical.com.au,apexelectrical.com.au,,,,,,AU,
Bentrol Pty Ltd,bentrol.com.au,bentrol.com.au,,,,,,AU,
LJ Services Pty Ltd,ljservices.com.au,ljservices.com.au,,,,,,AU,
Jmb Electrical & Air Conditioning Pty Ltd,jmbelectrical.com.au,jmbelectrical.com.au,,,,,,AU,
STP Consultants,stpconsultants.com.au,stpconsultants.com.au,,,,,,AU,
AZZO Pty Ltd,azzo.com,azzo.com,,,,,,AU,
Babinda Electrics John D & Delma J Smith T/As,babindaelectrics.com.au,babindaelectrics.com.au,,,,,,AU,
Megavar Pty Ltd,megavar.com.au,megavar.com.au,,,,,,AU,
MGE New Zealand 2010 LTD,mgenz.co.nz,mgenz.co.nz,,,,,,NZ,
Intellect Systems Pty Ltd,intellectsystems.com.au,intellectsystems.com.au,,,,,,AU,
TM Consultants Ltd,tmco.au,tmco.au,,,,,,AU,
Seven Electrical Ltd,7e.net.au,7e.net.au,,,,,,AU,
Innerscape Ltd,innerscape.co.nz,innerscape.co.nz,,,,,,NZ,
Crisp Power & Control Pty Ltd,crisppc.com.au,crisppc.com.au,,,,,,AU,
Consolidated Power Projects Australia Pty Ltd,consolidatedpower.com,consolidatedpower.com,,,,,,AU,
O'Brien Electrical Engineering & Contractors Ballarat Delacombe,obrien.com.au,obrien.com.au,,,,,,AU,
Relec Switchboards,relec.com.au,relec.com.au,,,,,,AU,
Austral Air Conditioning Services Pty Ltd,australair.com,australair.com,,,,,,AU,
Sedgman Ltd Burswood,sedgman.com,sedgman.com,,,,,,AU,
BRE Services Company Pty Ltd Thomastown,breservices.com.au,breservices.com.au,,,,,,AU,
ALLRO Switchboards Pty Ltd,allroswitchboards.com.au,allroswitchboards.com.au,,,,,,AU,
Switch Box Pty Ltd - Wakerley,switchboxcontrol.com,switchboxcontrol.com,,,,,,AU,
Terrys Electrical Services (bh) Pty Ltd,tesme.com.au,tesme.com.au,,,,,,AU,
White Light Electrical,whitelightelectrical.com,whitelightelectrical.com,,,,,,AU,
City Care Ltd Christchurch,citycareokc.org,citycareokc.org,,,,,,NZ,
R N Baker Switchboards Pty Ltd Dubb,rnbaker.com.au,rnbaker.com.au,,,,,,AU,
Aquatec Fluid Systems Pty Ltd Shepparton,aquatec.com.do,aquatec.com.do,,,,,,AU,
Wed Group Pty Ltd,wedgroup.com.au,wedgroup.com.au,,,,,,AU,
Contact Group Pty Ltd - Hobart,contactgroup.com.au,contactgroup.com.au,,,,,,AU,
Ace Power Solutions Pty Ltd,acepowered.com,acepowered.com,,,,,,AU,
Utech Pty Ltd,utech.edu.jm,utech.edu.jm,,,,,,AU,
Australian Air Conditioning Services Pty Ltd,aust-aircon.com.au,aust-aircon.com.au,,,,,,AU,
Maxim Electrical Services Pty Ltd Alphington,maxim.com,maxim.com,,,,,,AU,
Rowlands Group (NSW) Pty Ltd,rowlandsgroup.com,rowlandsgroup.com,,,,,,AU,
GTE Group Pty Ltd,gte-group.com.au,gte-group.com.au,,,,,,AU,
Globetech Pty Ltd,gti.com,gti.com,,,,,,AU,
Bunbury Electrical (Service Contracting) Pty Ltd,enriquebunbury.com,enriquebunbury.com,,,,,,AU,
Niko Engineering Limited - Auckland South Office,nikoengineering.by,nikoengineering.by,,,,,,NZ,
Petro Min Engineers,petromin.com,petromin.com,,,,,,AU,
Quasar Systems Ltd,quasarsystemsinc.com,quasarsystemsinc.com,,,,,,AU,
Provecta Process Automation,provecta.com.au,provecta.com.au,,,,,,AU,
Nicklin Electrical Pty Ltd,nicklinelectrical.com.au,nicklinelectrical.com.au,,,,,,AU,
Star Electrical Company Pty Ltd,6starec.com.au,6starec.com.au,,,,,,AU,
Data 3 Ltd Canberra,data3.com.au,data3.com.au,,,,,,AU,
Electric Solutions Pty Ltd,electricsolutions.com.au,electricsolutions.com.au,,,,,,AU,
Airmaster Australia Pty Ltd Scoresby,airmaster.com.au,airmaster.com.au,,,,,,AU,
Kerfoot Pty Ltd,kerfoot.com.au,kerfoot.com.au,,,,,,AU,
Aussie Power Solutions Pty Ltd,aussiepower.com.au,aussiepower.com.au,,,,,,AU,
Raston Group Pty Ltd,rastongroup.com.au,rastongroup.com.au,,,,,,AU,
Itech Corporation Pty Ltd,itech.com.au,itech.com.au,,,,,,AU,
Proboards Pty Ltd,proboards.com.au,proboards.com.au,,,,,,AU,
Gordyn & Palmer Pty Ltd,gordynpalmer.com.au,gordynpalmer.com.au,,,,,,AU,
CPS National Kewdale,cpsnational.com.au,cpsnational.com.au,,,,,,AU,
Beaver Williams Pty Ltd,beaverwilliams.com.au,beaverwilliams.com.au,,,,,,AU,
Cell Engineering Pty Ltd Brisbane City,celleng.com.au,celleng.com.au,,,,,,AU,
Shepherd Electrical Projects Pty Ltd,shepelectrical.com.au,shepelectrical.com.au,,,,,,AU,
Eighty20 Consulting Engineers,52eightyconsulting.com,52eightyconsulting.com,,,,,,AU,
BESIX Watpac (Qld) Pty Ltd,besixwatpac.com,besixwatpac.com,,,,,,AU,
Australian Control Engineering Pty Ltd,acectrl.com,acectrl.com,,,,,,AU,
The University of Queensland,uq.edu.au,uq.edu.au,,,,,,AU,
BRT Consulting Pty Ltd,brt.com.au,brt.com.au,,,,,,AU,
Adco Constructions Pty Ltd,adcoconstruct.com.au,adcoconstruct.com.au,,,,,,AU,
Grid Electrical Service Pty Ltd,gridelectrical.com.au,gridelectrical.com.au,,,,,,AU,
Limitless Technologies West Hoxton,limitlesstechservices.com,limitlesstechservices.com,,,,,,AU,
Meinhardt Group WA,meinhardtindia.com,meinhardtindia.com,,,,,,AU,
SE Electrics,seelectrics.com,seelectrics.com,,,,,,AU,
ASI Electrics Pty Ltd Murrumbeena,asielectrics.com,asielectrics.com,,,,,,AU,
PSD Energy Pty Ltd,psdenergy.com,psdenergy.com,,,,,,AU,
Complex Electrical (CE Group),complex.com,complex.com,,,,,,AU,
Verified Switchboards Pty Ltd,verifiedswitchboards.com.au,verifiedswitchboards.com.au,,,,,,AU,
PLUS ES The Trustee for ERIC Alpha AUP Trust 1 & Others Sydney,pluses.com.au,pluses.com.au,,,,,,AU,
Facility Operations Pty Ltd,facilityoperation.com,facilityoperation.com,,,,,,AU,
Hexeis Pty Ltd,hexeis.com,hexeis.com,,,,,,AU,
Goldline Industries PTY LTD,goldline.com,goldline.com,,,,,,AU,
FDC Mechanical Services Pty Ltd,fdcmechanical.com.au,fdcmechanical.com.au,,,,,,AU,
A. Noble & Son Ltd,anobleevent.com.au,anobleevent.com.au,,,,,,AU,
Design Switchboards & Distribution Pty Ltd,dsdau.com.au,dsdau.com.au,,,,,,AU,
Nind Electrical Services Christchurch,nindelectrical.co.nz,nindelectrical.co.nz,,,,,,NZ,
The Fletcher Construction Company Christchurch,fletcherconstruction.co.nz,fletcherconstruction.co.nz,,,,,,NZ,
Elecnor New Zealand Ltd,elecnor.com,elecnor.com,,,,,,NZ,
Callander Electrical Services Ltd,callanderassociates.com,callanderassociates.com,,,,,,AU,
Bishman Electrical Ltd,bishman.co.nz,bishman.co.nz,,,,,,NZ,
Hawkins Group (parent a/c),hawkinsgroup.com.au,hawkinsgroup.com.au,,,,,,AU,
Cramer & Neill Refrigeration Cramer & Neill Nominees Pty Ltd T/As,cramer.com,cramer.com,,,,,,AU,
TES Electrical Pty Ltd Cockburn Central,teselectrical.com.au,teselectrical.com.au,,,,,,AU,
HDR Sydney,hdrinc.com,hdrinc.com,,,,,,AU,
CNF iTech Pty Ltd,cnfitech.com.au,cnfitech.com.au,,,,,,AU,
Primero Group Ltd,primerogroup.com.au,primerogroup.com.au,,,,,,AU,
Aussie Switchboards Warehouse,aussieswitchboards.com.au,aussieswitchboards.com.au,,,,,,AU,
Epcm Solutions Pty Ltd,epcm.eu,epcm.eu,,,,,,AU,
EVIAM Trading Pty Ltd,eviam.com.au,eviam.com.au,,,,,,AU,
Acton Electrical Pty Ltd,actonelectrical.com.au,actonelectrical.com.au,,,,,,AU,
Aeron Group Pty Ltd,aerongroup.com.au,aerongroup.com.au,,,,,,AU,
Bechtel (Western Australia) Pty Ltd Fortitude Valley,bechtel.com,bechtel.com,,,,,,AU,
Foodmach Pty Ltd Echuca,foodmach.com.au,foodmach.com.au,,,,,,AU,
Power Engineering Services Pty Ltd,pesvs.com.au,pesvs.com.au,,,,,,AU,
Icm Airport Technics Australia Pty Ltd,icm.aero,icm.aero,,,,,,AU,
Trical Ltd,tricalforage.com,tricalforage.com,,,,,,AU,
Sturdie Trade Services,sturdie.com.au,sturdie.com.au,,,,,,AU,
Forth Consulting Pty Ltd,forthconsulting.com.au,forthconsulting.com.au,,,,,,AU,
Ime Solutions Pty Ltd T/As Ipower Solutions - Division of Ami Group Portsmith,ime-solutions.com,ime-solutions.com,,,,,,AU,
High Energy Project Service Pty Ltd - Wangara,highenergylive.com,highenergylive.com,,,,,,AU,
Electrical Design & Construction Pty Ltd,edbelectrical.com,edbelectrical.com,,,,,,AU,
Allight Pty Ltd Landsdale,allightsystems.com,allightsystems.com,,,,,,AU,
NT Electrical Group,ntelectrical.com.au,ntelectrical.com.au,,,,,,AU,
Hix Group Pty Ltd,hixgroup.com.au,hixgroup.com.au,,,,,,AU,
Riverside Electrical Pty Ltd Murarrie,riversideelectrical.com,riversideelectrical.com,,,,,,AU,
Beyond Electrical Engineering Mayfield West,beeng.com.au,beeng.com.au,,,,,,AU,
Confluence Water - Sydney Water - RDC North,confluence.com.au,confluence.com.au,,,,,,AU,
Invertek Drives Pty Ltd,invertekdrives.com,invertekdrives.com,,,,,,AU,
Gray Bros Air Conditioning Pty Ltd,graybros.com.au,graybros.com.au,,,,,,AU,
Clive Wilson Switchboards LTD,clivewilson.co.nz,clivewilson.co.nz,,,,,,NZ,
Controlling Power Pty Ltd,controllingpower.com.au,controllingpower.com.au,,,,,,AU,
EV Charging Systems Pty Ltd,evchargingsystems.au,evchargingsystems.au,,,,,,AU,
Rightway Property Maintenance Pty Ltd,rightway.com.ua,rightway.com.ua,,,,,,AU,
South Seas Group (AUS) Pty Ltd,southseas.com,southseas.com,,,,,,AU,
Ansir Switchboards Santo Sirianni family trust West Heidelberg,ansir.com.au,ansir.com.au,,,,,,AU,
EC Controls Pty Ltd,eccontrols.com.au,eccontrols.com.au,,,,,,AU,
Airepair Air Conditioning Services Pty Ltd,airepair.com.au,airepair.com.au,,,,,,AU,
Monadelphous Engineering Pty Ltd,monadelphous.com.au,monadelphous.com.au,,,,,,AU,
Control Engineering Australia Pty Ltd,controleng.com,controleng.com,,,,,,AU,
SAGE,sage.com,sage.com,,,,,,AU,
Wave International Pty Ltd,waveinternational.com,waveinternational.com,,,,,,AU,
CJ Pearce Pty Ltd,cjpearce.com.au,cjpearce.com.au,,,,,,AU,
Williams Electrical Service Pty Ltd,williamselectrical.com.au,williamselectrical.com.au,,,,,,AU,
Modcol Pty Ltd,modcol.com.au,modcol.com.au,,,,,,AU,
Enel Green Power Australia Pty Ltd Barangaroo,enelgreenpower.com,enelgreenpower.com,,,,,,AU,
Nexus Power Pty Ltd,nexuspower.com,nexuspower.com,,,,,,AU,
Centralian Controls Unit Trust Fund,centralian.com.au,centralian.com.au,,,,,,AU,
Hydro Tasmania Hydro Electric Corporation,hydro.com.au,hydro.com.au,,,,,,AU,
Automation Products & Services - Cambridge,automationproducts.co.nz,automationproducts.co.nz,,,,,,NZ,
Active Refrigeration Auckland,activerefrigeration.co.nz,activerefrigeration.co.nz,,,,,,NZ,
Autonomous Energy Pty Ltd Frenchs Forest,autonomous0energy.com,autonomous0energy.com,,,,,,AU,
Switchboard Services Ltd,switchboardta.org,switchboardta.org,,,,,,AU,
Process Software Ltd,process.com,process.com,,,,,,AU,
Hero Engineering Controls & Interfacing Eng Pty Ltd,heroengineering.com.au,heroengineering.com.au,,,,,,AU,
R.P SwitchBoards Pty Ltd,rpsw.com.au,rpsw.com.au,,,,,,AU,
Carseldine Air Conditioning Pty Ltd,carseldinecentral.com.au,carseldinecentral.com.au,,,,,,AU,
Fields Contracting Engineers Kalgoorlie,fceng.com.au,fceng.com.au,,,,,,AU,
Parasyn Controls Pty Ltd Tingalpa,parasyn.com.au,parasyn.com.au,,,,,,AU,
I C Switchgear,icenergy.co,icenergy.co,,,,,,AU,
Power Control Solutions Ltd,powercontrolservices.com,powercontrolservices.com,,,,,,AU,
Haines Electrical Service,haineselectrical.com.au,haineselectrical.com.au,,,,,,AU,
Electric Control Solutions Pty Ltd,ecsol.com.au,ecsol.com.au,,,,,,AU,
CD Power Pty Ltd,cdpower.com.au,cdpower.com.au,,,,,,AU,
PSA Engineering,psaengineering.com,psaengineering.com,,,,,,AU,
Daikin Australia Pty Ltd,daikin.com.au,daikin.com.au,,,,,,AU,
Coengineer Pty Ltd,coengineer.com,coengineer.com,,,,,,AU,
Zi-Argus Australia Pty Ltd,zi-argus.com,zi-argus.com,,,,,,AU,
Electro 80 Qld Accenture IX Pty Ltd,electro80.com.au,electro80.com.au,,,,,,AU,
DICE ((AUST) Pty Ltd,dice.fm,dice.fm,,,,,,AU,
Savante Pty Ltd,savantenergy.com.au,savantenergy.com.au,,,,,,AU,
Eiretech T/as A Trustee for Eire Technology Trust Ravenhall,eiretech.eu,eiretech.eu,,,,,,AU,
Sequal Consulting Group Pty Ltd,consultsequal.com.au,consultsequal.com.au,,,,,,AU,
Programmed Electrical Technologies Ltd Lane Cove,programmed.com.au,programmed.com.au,,,,,,AU,
Elecdata Australia Pty Ltd,elecdata.com.au,elecdata.com.au,,,,,,AU,
LCS Electrical & Data,lcselectrical.com,lcselectrical.com,,,,,,AU,
PRO Electrical Services Pty Ltd,proelectricianservices.com,proelectricianservices.com,,,,,,AU,
Lindquist Electrical Services,lindquist.com.au,lindquist.com.au,,,,,,AU,
Controltech Oceania Pty Ltd,controltech.net.au,controltech.net.au,,,,,,AU,
Air Con Serve Pty Ltd,airconserve.com.au,airconserve.com.au,,,,,,AU,
Elliot Air Conditioning Controls Pty Ltd,elliot.com.au,elliot.com.au,,,,,,AU,
FLC Electrical Pty Ltd,flcelectrical.com.au,flcelectrical.com.au,,,,,,AU,
Powertek Australia Pty Ltd Devonport,szpowertek.com,szpowertek.com,,,,,,AU,
Optimum Air - Automation & Energy,optimumair.co.nz,optimumair.co.nz,,,,,,NZ,
CES Energy Solutions,ces.tech,ces.tech,,,,,,AU,
Leicon Notley,leiconnotley.com.au,leiconnotley.com.au,,,,,,AU,
Allied Co Commercial Pty Ltd,alliedco.com.au,alliedco.com.au,,,,,,AU,
Adx Electrical Group Pty Ltd Adx Electrical & Instrumentation Williamstown Branch,adxelectrical.com.au,adxelectrical.com.au,,,,,,AU,
Calibre Engineers - Perth (St Georges Tce),calibre-ebook.com,calibre-ebook.com,,,,,,AU,
Systems Insight Pty Ltd,systemsinsight.com.au,systemsinsight.com.au,,,,,,AU,
RIC Electrics Pty Ltd Rural South,ric.com.au,ric.com.au,,,,,,AU,
Bitzer Australia Erskine Park,bitzer.com,bitzer.com,,,,,,AU,
Colbros Electrical Contracting (Aus) Pty Ltd,colbros.com.au,colbros.com.au,,,,,,AU,
Asset Electrical Services Pty Ltd,assetelectricalnc.com,assetelectricalnc.com,,,,,,AU,
Nepean Transport Equipment Pty Ltd,nepeantransport.com.au,nepeantransport.com.au,,,,,,AU,
Kapp Engineering Pty Ltd,kapp.com.au,kapp.com.au,,,,,,AU,
K-Mac Powerheads Pty Ltd,kmacpowerheads.com,kmacpowerheads.com,,,,,,AU,
Claxton Electrical,claxtonelectrical.com.au,claxtonelectrical.com.au,,,,,,AU,
Eilbeck Cranes Ingleburn,eilbeckcranes.com,eilbeckcranes.com,,,,,,AU,
All Worx Electrical Pty Ltd - Sydney Cbd,allworx.com,allworx.com,,,,,,AU,
Power Systems QLD Pty Ltd,power-systems.com,power-systems.com,,,,,,AU,
Wired Communication Solutions Glen Iris,wiredsolutions.com.au,wiredsolutions.com.au,,,,,,AU,
Nelson Architects Pty Ltd,nelsonarchitects.com.au,nelsonarchitects.com.au,,,,,,AU,
Race Services Regional Air Conditioning & Electrical Pty Ltd T/AS,raceservices.com.au,raceservices.com.au,,,,,,AU,
Crossmuller Pty Ltd,crossmuller.com.au,crossmuller.com.au,,,,,,AU,
City Facilities Management (Aus) Pty Ltd Mulgrave,cityfm.com.au,cityfm.com.au,,,,,,AU,
Acciona Infrastructure Projects Australia Pty Ltd,acciona.com,acciona.com,,,,,,AU,
Asset Switchboards Pty Ltd,assetswitchboards.com.au,assetswitchboards.com.au,,,,,,AU,
Proton Power QLD,protonpower.com,protonpower.com,,,,,,AU,
Suzlon Energy Australia Pty Ltd Melbourne,suzlon.com,suzlon.com,,,,,,AU,
SM Electrical Manufacturing TB Electrical Group Pty Ltd Cameron Park,sm-electrical.ltd,sm-electrical.ltd,,,,,,AU,
Precise Air Group Pty Ltd,preciseair.com.au,preciseair.com.au,,,,,,AU,
Witthoft Engineering Pty Ltd,witthoft.com.au,witthoft.com.au,,,,,,AU,
Entec Services Ltd New Plymouth,entec.co.nz,entec.co.nz,,,,,,NZ,
Industrial Controls South Canterbury Ltd,industrialcontrolsonline.com,industrialcontrolsonline.com,,,,,,AU,
Air Change Australia Pty Ltd,airchange.com.au,airchange.com.au,,,,,,AU,
Custom Switchboards Dome Automation T/as,customswitchboards.com.au,customswitchboards.com.au,,,,,,AU,
Wilson Transformer Company Pty Ltd Wodonga,wtc.com.au,wtc.com.au,,,,,,AU,
Integrated Power House Pty Ltd,integratedpowerhouse.com.au,integratedpowerhouse.com.au,,,,,,AU,
Automated Air Pty Ltd,automatedair.com.au,automatedair.com.au,,,,,,AU,
iAutomation Controls Pty Ltd,i2-auto.com,i2-auto.com,,,,,,AU,
Apex Technical Services Pty Ltd,apexts.net.au,apexts.net.au,,,,,,AU,
Aquaheat Facility Services Ltd Tawa,aquaheateg.com,aquaheateg.com,,,,,,AU,
BCS New Zealand Ltd Auckland,bcscertus.com,bcscertus.com,,,,,,NZ,
Core Switchboards Ltd,core.com,core.com,,,,,,AU,
Temperzone Ltd,temperzone.com,temperzone.com,,,,,,AU,
Bremca Industries Ltd Addington,bremca.nz,bremca.nz,,,,,,NZ,
Waikato Milking Systems Ltd,waikatomilking.com,waikatomilking.com,,,,,,NZ,
Energysea Pty Ltd,energysearch.com.au,energysearch.com.au,,,,,,AU,
Inca Control Pty Ltd,incacontrol.com.au,incacontrol.com.au,,,,,,AU,
Motherwell Automation,motherwell.net.au,motherwell.net.au,,,,,,AU,
Nulux Energy Pty Ltd,nulux.com.au,nulux.com.au,,,,,,AU,
Cool Logic Christchurch Ltd,coollogic.co.nz,coollogic.co.nz,,,,,,NZ,
Sine Switchboards Pty Ltd,sineswitchboards.com,sineswitchboards.com,,,,,,AU,
A E Smith & Son (Seq) Pty Ltd Eagle Farm,aesmith.com.au,aesmith.com.au,,,,,,AU,
NEWest Alliance,newestcorp.com,newestcorp.com,,,,,,AU,
Ausconnex,ausconnex.com.au,ausconnex.com.au,,,,,,AU,
Nu Phase Electrical & Air Pty Ltd,nuphase.com.au,nuphase.com.au,,,,,,AU,
IoTics Pty Ltd,iotics.com.au,iotics.com.au,,,,,,AU,
Metrowest Constructions Pty Ltd,metrowestcle.org,metrowestcle.org,,,,,,AU,
Coastal Power Systems Pty Ltd,coastalpowersystems.com,coastalpowersystems.com,,,,,,AU,
Gael Switchboards Wellington Ltd,gael.org,gael.org,,,,,,NZ,
TLJ Switchgear Ltd,tljswitchgear.co.nz,tljswitchgear.co.nz,,,,,,NZ,
Daly's Constructions (AUST) Pty Ltd,dalysalon.com.au,dalysalon.com.au,,,,,,AU,
Combined Technologies Ltd,ctipack.com,ctipack.com,,,,,,AU,
Spectrum Automation Pty Ltd,spectrumautomation.com.au,spectrumautomation.com.au,,,,,,AU,
Interlink Power Systems,interlink-power.com,interlink-power.com,,,,,,AU,
Network Electrical Services Pty Ltd,network-electrical.com,network-electrical.com,,,,,,AU,
CT Electrics Pty Ltd,ctelectrics.com,ctelectrics.com,,,,,,AU,
Way Electrical Pty Ltd,way-electrical.com.au,way-electrical.com.au,,,,,,AU,
Integrated Industries Riverina Pty Ltd,amsiic.com,amsiic.com,,,,,,AU,
Nemesys Ltd,nemesysenergy.com,nemesysenergy.com,,,,,,AU,
Tamaki Control Ltd Auckland,tamakicontrol.com,tamakicontrol.com,,,,,,NZ,
Capacitor Technologies Pty Ltd,capacitorjs.com,capacitorjs.com,,,,,,AU,
Stowe Syd - 1110 Services / Ecoview Rydalmere,stowe.com,stowe.com,,,,,,AU,
Fisher & Paykel Healthcare Ltd,fisher.com.au,fisher.com.au,,,,,,AU,
AML Switchgear Ltd,amlswitchgear.co.nz,amlswitchgear.co.nz,,,,,,NZ,
Potter Automation,potter.com.au,potter.com.au,,,,,,AU,
DMA Engineers Pty Ltd,dmaengineers.com.au,dmaengineers.com.au,,,,,,AU,
Logix Engineering Pty Ltd Sumner Park,logixeng.com.au,logixeng.com.au,,,,,,AU,
NZ Controls Ltd,nzcontrols.co.nz,nzcontrols.co.nz,,,,,,NZ,
Devilees Air Conditioning & Refrigeration John Devilee Refrigeration Pty Ltd,devilees.com.au,devilees.com.au,,,,,,AU,
Versatech Electrical Pty Ltd,versatechelectrical.com.au,versatechelectrical.com.au,,,,,,AU,
Triple I Pty Ltd,triplei.com.au,triplei.com.au,,,,,,AU,
Hahn Electrical Contracting Pty Ltd Kalgoorlie,hahnelec.com.au,hahnelec.com.au,,,,,,AU,
Macquarie Engineers Pty Ltd,maceng.com.au,maceng.com.au,,,,,,AU,
Crown Technologies Pty Ltd Cardiff,crowntech.com.au,crowntech.com.au,,,,,,AU,
Team Electrical Services Pty Ltd,teamelectrical.com.au,teamelectrical.com.au,,,,,,AU,
Earth Electrical Contractors Pty Ltd Melbourne,earthelectrical.tech,earthelectrical.tech,,,,,,AU,
INTEC ENERGY SOLUTIONS PTY LIMITED,in-tecenergy.com,in-tecenergy.com,,,,,,AU,
Minelec Pty Ltd,minelec.com.au,minelec.com.au,,,,,,AU,
Ryan Wilks Pty Ltd Silverwater,ryanwilks.com.au,ryanwilks.com.au,,,,,,AU,
Switchbuild Ltd,switchbuild.co.nz,switchbuild.co.nz,,,,,,NZ,
Frm Refrigeration & Air Conditioning Pty Ltd,frmrefrigeration.com.au,frmrefrigeration.com.au,,,,,,AU,
G.B. Electrical Contractors Pty Ltd,gbelectrical.com.au,gbelectrical.com.au,,,,,,AU,
Seasonair Pty Ltd,seasonair.com.au,seasonair.com.au,,,,,,AU,
Leightons Contractors,leightonsandgravel.com.au,leightonsandgravel.com.au,,,,,,AU,
CME Group Pty Ltd ATF CME Group tru,cmesportslighting.com.au,cmesportslighting.com.au,,,,,,AU,
Humphreys Electrical,humphreyselectrical.com.au,humphreyselectrical.com.au,,,,,,AU,
Automation Alliance Solutions Pty Ltd,automationalliance.com.au,automationalliance.com.au,,,,,,AU,
Energy Systems Pty Ltd,energysystems.com,energysystems.com,,,,,,AU,
Saunders PlantWeave Pty Ltd,plantweave.com.au,plantweave.com.au,,,,,,AU,
Vast Electrical Services Pty Ltd,vastelectrical.com,vastelectrical.com,,,,,,AU,
New Era Electrical Services (NSW) Pty Ltd,neweralife.com,neweralife.com,,,,,,AU,
Westech Industrial Controls Pty Ltd,westech-ind.com,westech-ind.com,,,,,,AU,
Mid Coast Switchboards Busbar Pty Ltd T/AS,midcoastswitch.com.au,midcoastswitch.com.au,,,,,,AU,
Leclogix Riverland & Mallee Pty Ltd,leclogix.com.au,leclogix.com.au,,,,,,AU,
AHT Group Pty Ltd,aht-group.com,aht-group.com,,,,,,AU,
Essential Air Solutions Pty Ltd,essentialairsolutions.com.au,essentialairsolutions.com.au,,,,,,AU,
Cablewise Electrical & Communications Pty Ltd,cablewise.com.au,cablewise.com.au,,,,,,AU,
Faircloth & Reynolds Pty Ltd,fairclothreynolds.com.au,fairclothreynolds.com.au,,,,,,AU,
Elephants Foot Waste Compactors Pty Ltd,elephantsfoot.com.au,elephantsfoot.com.au,,,,,,AU,
Acis (QLD) Pty Ltd,acismoz.com,acismoz.com,,,,,,AU,
Jax Electrical Services Hanlow Pty Ltd Brendale,jaxelectrical.net.au,jaxelectrical.net.au,,,,,,AU,
Greeneast Switchboard Solutions,greeneast.com,greeneast.com,,,,,,AU,
Gosling Electrical,goslingelectrical.com.au,goslingelectrical.com.au,,,,,,AU,
Electrical Drive Solutions Pty Ltd,electrical.com.au,electrical.com.au,,,,,,AU,
Robert Bosch (Australia) Pty Ltd,boschaftermarket.com,boschaftermarket.com,,,,,,AU,
CT Oceania Murarrie,ctoceania.com,ctoceania.com,,,,,,AU,
bdEnergy,bdenergy.org.uk,bdenergy.org.uk,,,,,,AU,
Nevmat Australia Pty Ltd,nevmataustralia.com.au,nevmataustralia.com.au,,,,,,AU,
Vertiv (Australia) Pty Ltd - Regents Park,vertiv.com,vertiv.com,,,,,,AU,
Overflow Industrial Pty Ltd,overflow.io,overflow.io,,,,,,AU,
Mayvis Electrical Wangara,mayviselectrical.com.au,mayviselectrical.com.au,,,,,,AU,
Falcon Electrical Ltd Onekawa,falconltd.co.nz,falconltd.co.nz,,,,,,NZ,
On Switchgear Elektron Group Ltd,onswitchgear.co.nz,onswitchgear.co.nz,,,,,,NZ,
JTMEC Pty Ltd Orange,jtmec.com.au,jtmec.com.au,,,,,,AU,
Artisan Switchboards Pty Ltd,artisanswitchboards.com.au,artisanswitchboards.com.au,,,,,,AU,
Evoke Automation Pty Ltd,evokeautomation.com.au,evokeautomation.com.au,,,,,,AU,
Johnson Controls Australia Pty Ltd North Ryde,johnsoncontrols.com,johnsoncontrols.com,,,,,,AU,
Cullys Marine Technologies Cull Holdings Pty Ltd,cullys.com.au,cullys.com.au,,,,,,AU,
ConsultJR Strategic Engineering Services,consultjr.com.au,consultjr.com.au,,,,,,AU,
H E Switchboards Pty Ltd,heswitchboards.com.au,heswitchboards.com.au,,,,,,AU,
Airtech Pty Ltd,airtechecs.com,airtechecs.com,,,,,,AU,
Streat Automation Ltd,streat.co.nz,streat.co.nz,,,,,,NZ,
Rickland Switchboards Ltd,rickland.co.nz,rickland.co.nz,,,,,,NZ,
Equans Mechanical Services (WA) Pty Ltd,equans.com.au,equans.com.au,,,,,,AU,
Donald Cant Watts Corke Pty Ltd,dcwc.com.au,dcwc.com.au,,,,,,AU,
Hvac Commercial Pty Ltd,hvaccommercial.com.au,hvaccommercial.com.au,,,,,,AU,
Insight Electrical Technology,iet.com.au,iet.com.au,,,,,,AU,
Capability Resources Pty Ltd Rutherford,capres.com.au,capres.com.au,,,,,,AU,
Dalton Electrical Company Ltd,daltonelectrical.co.nz,daltonelectrical.co.nz,,,,,,NZ,
M.S.P. Electrical (WA) Pty Ltd,mspelectrical.com.au,mspelectrical.com.au,,,,,,AU,
Switch Australia Pty Ltd,switchsoku.com,switchsoku.com,,,,,,AU,
Wesco Electrics,wesco.com,wesco.com,,,,,,AU,
iElectrical & Communications Pty Ltd,ielectricalandcomms.com.au,ielectricalandcomms.com.au,,,,,,AU,
Focus Energy Solutions,focusenergy.com.au,focusenergy.com.au,,,,,,AU,
Advanced Procurement & Supplies,advanced.com,advanced.com,,,,,,AU,
Blue Diamond Machinery Pty Ltd,bluedm.com.au,bluedm.com.au,,,,,,AU,
Power Control & Communications Pty Ltd,powercontrol.co,powercontrol.co,,,,,,AU,
JM Switchboards Closedane Pty Ltd,jmswitchboards.com.au,jmswitchboards.com.au,,,,,,AU,
RAD Systems Australia Pty Ltd,radsystems.io,radsystems.io,,,,,,AU,
Freeway Electrical Wangara,freeway.io,freeway.io,,,,,,AU,
Cite Services,citeservices.com.au,citeservices.com.au,,,,,,AU,
Design & Construct Electrical Pty Ltd,design.com.au,design.com.au,,,,,,AU,
Bovara Pty Ltd,bovara.com.au,bovara.com.au,,,,,,AU,
Intelligent Building Services Brisbane,ib-services.com.au,ib-services.com.au,,,,,,AU,
CALAN ELECTRICAL PTY LTD,americancalan.com,americancalan.com,,,,,,AU,
Architectus Adelaide,architect-us.com,architect-us.com,,,,,,AU,
Mega Electrics Australia,megaelectrics.com.au,megaelectrics.com.au,,,,,,AU,
Terex Australia Pty Ltd,terex.com,terex.com,,,,,,AU,
Rubicon Associates,rubiconassociates.com.au,rubiconassociates.com.au,,,,,,AU,
Evoqua Water Technologies,evoqua.com,evoqua.com,,,,,,AU,
Samco Industries Pty Ltd (TAS),samcoindustries.com.au,samcoindustries.com.au,,,,,,AU,
PLE Contracting Pty Ltd,plecontracting.com.au,plecontracting.com.au,,,,,,AU,
O'Dea Solar & Electrical,harvestthesun.com.au,harvestthesun.com.au,,,,,,AU,
Progress Control & Engineering Pty Ltd,progress.com,progress.com,,,,,,AU,
N Power WA Pty Ltd,npower.org,npower.org,,,,,,AU,
Heavy Duty Controls,heavydutycontrols.com.au,heavydutycontrols.com.au,,,,,,AU,
Energy Intelligence Pty Ltd,energyintel.com.au,energyintel.com.au,,,,,,AU,
Maher Electrical,maherelectrical.com.au,maherelectrical.com.au,,,,,,AU,
VRT Systems,vrt.com.au,vrt.com.au,,,,,,AU,
Nuvo Group Pty Ltd,nuvogroup.africa,nuvogroup.africa,,,,,,AU,
Fraser & Mountain Pty Ltd,fraser.org,fraser.org,,,,,,AU,
Engineering Solutions Tasmania,estas.com.au,estas.com.au,,,,,,AU,
Midwest Technologies,midwesttechnologies.com,midwesttechnologies.com,,,,,,AU,
Russell Mineral Equipment Pty Ltd,rmeglobal.com,rmeglobal.com,,,,,,AU,
Marelex Electrical BK Harrang Industries T/as,marelexelectrical.com.au,marelexelectrical.com.au,,,,,,AU,
Downey Engineering RJSB HOLDINGS PTY LTD,downeyeng.com.au,downeyeng.com.au,,,,,,AU,
SS Electrics,sselectrics.com.au,sselectrics.com.au,,,,,,AU,
Pro-Built Control Pty Ltd,probuiltcontrol.com.au,probuiltcontrol.com.au,,,,,,AU,
Kempe Engineering Services (Australia) Pty Ltd,kempe.com.au,kempe.com.au,,,,,,AU,
Grundfos Pumps Pty Ltd Regency Park,grundfos.com,grundfos.com,,,,,,AU,
Process Safety & Automation Engineering Pty Ltd,processsafety.com.au,processsafety.com.au,,,,,,AU,
Gemtek EVSE Welshpool,gemtek.com.au,gemtek.com.au,,,,,,AU,
Gradiant Australia,gradiant.com,gradiant.com,,,,,,AU,
2M Contracting Pty Ltd,mcontractinginc.com,mcontractinginc.com,,,,,,AU,
Southern Cross Electrical Engineering Ltd,southerncross.co.nz,southerncross.co.nz,,,,,,NZ,
Brisbane Electrical Contractor & Engineering Glanmire,brisbaneelectrical.com.au,brisbaneelectrical.com.au,,,,,,AU,
Tritech Solutions Pty Ltd,tritechsolutions.com.au,tritechsolutions.com.au,,,,,,AU,
Cube Architects,cubearchitects.com.au,cubearchitects.com.au,,,,,,AU,
All On Contracting Pty Ltd,all-on.com,all-on.com,,,,,,AU,
Epic Electrical Solutions,epic.com,epic.com,,,,,,AU,
Electrical Data & Security Solutions Pty Ltd,electricaldataprojects.com.au,electricaldataprojects.com.au,,,,,,AU,
Tasman Power Wa Pty Ltd,tasmanpower.com,tasmanpower.com,,,,,,AU,
Control Automation Solutions Pty Ltd,ca-solutions.com.au,ca-solutions.com.au,,,,,,AU,
Peakzone Pty Ltd,peakzone.io,peakzone.io,,,,,,AU,
syntax electrical services,syntax.com,syntax.com,,,,,,AU,
Marsh Air Conditioning,marshair.com,marshair.com,,,,,,AU,
CBM Services Group T/a CBM Air Pty Ltd Northgate,cbmserves.com,cbmserves.com,,,,,,AU,
Pm Control Systems (Aust) Pty Ltd,pmcontrol.com,pmcontrol.com,,,,,,AU,
Fibre King Pty Ltd,fibreking.com,fibreking.com,,,,,,AU,
Eascom Electrical Bendigo Pty Ltd Bendigo,eascomelectrical.com.au,eascomelectrical.com.au,,,,,,AU,
Northside Electrical Contractors Pty Ltd,northsideelectrical.com.au,northsideelectrical.com.au,,,,,,AU,
Htp Consulting Pty Ltd,htpconsulting.com,htpconsulting.com,,,,,,AU,
McMahon Electrical Engineering,mcmahon.co.nz,mcmahon.co.nz,,,,,,NZ,
Greaves Electrical Services Ltd,greaves.co.nz,greaves.co.nz,,,,,,NZ,
Cooling Equipment Ltd,coolingequipment.co.nz,coolingequipment.co.nz,,,,,,NZ,
D2 Process Ltd,d2process.com,d2process.com,,,,,,AU,
Carson Electrical Ltd,carsonelectrical.co.nz,carsonelectrical.co.nz,,,,,,NZ,
Max Tarr Industrial Ltd,maxtarr.co.nz,maxtarr.co.nz,,,,,,NZ,
Infratec New Zealand Ltd,infratec.eu,infratec.eu,,,,,,NZ,
Isaac's Plumbing Pumping & Electrical,isaacs.com.au,isaacs.com.au,,,,,,AU,
JLE Electrical Ltd,jleelectrical.com,jleelectrical.com,,,,,,AU,
Taranaki Industrial Electrical Services Ltd,taranaki.com,taranaki.com,,,,,,AU,
Professional Electrics Ltd,prolec.co.nz,prolec.co.nz,,,,,,NZ,
Tetra Pak (NZ) Ltd,tetrapak.com,tetrapak.com,,,,,,NZ,
Nairn Electrical Ltd,nairnelectrical.co.nz,nairnelectrical.co.nz,,,,,,NZ,
Cable8 Electrical Communications Pty Ltd,cableelectrical.com,cableelectrical.com,,,,,,AU,
MEP Service Group Pty Ltd,mepservices.com,mepservices.com,,,,,,AU,
Mechanical Electrical Controls Pty Ltd,mecelectrical.com.au,mecelectrical.com.au,,,,,,AU,
Vorick Group Pty Ltd,vorickgroup.com.au,vorickgroup.com.au,,,,,,AU,
JDN Monocrane Pty Ltd,jdn.com.au,jdn.com.au,,,,,,AU,
Electric Environs Electrical Services,electricenvirons.com.au,electricenvirons.com.au,,,,,,AU,
Oram Smith Air Conditioning Services Pty Ltd,oramsmith.com.au,oramsmith.com.au,,,,,,AU,
Sam Technology Engineers Pty Ltd Smithfield,samtechnology.com.au,samtechnology.com.au,,,,,,AU,
Harvey Norman Commercial Division Taren Point,harveynorman.com.au,harveynorman.com.au,,,,,,AU,
Electro Data & Generation Pty Ltd,edandg.com.au,edandg.com.au,,,,,,AU,
Dickson Gray Electrical Ltd,dicksondata.com,dicksondata.com,,,,,,AU,
New Zealand Electrical Solutions Ltd,nes.nz,nes.nz,,,,,,NZ,
Icon Automation Ltd,iconautomation.co.nz,iconautomation.co.nz,,,,,,NZ,
Zinfra Group,zinfragroup.com,zinfragroup.com,,,,,,AU,
RACV Solar Pty Ltd,racv.com.au,racv.com.au,,,,,,AU,
Powerex Ltd,powerexinc.com,powerexinc.com,,,,,,AU,
Obertech Group Ltd,obertech.co.nz,obertech.co.nz,,,,,,NZ,
TOMRA Food (ANZ) Ltd,tomra.com,tomra.com,,,,,,NZ,
Tristar Electrical,tristarelectrical.co.nz,tristarelectrical.co.nz,,,,,,NZ,
Canelec Pty Ltd,canelec.com.au,canelec.com.au,,,,,,AU,
Renown Electrical Services,renownelectrical.com.au,renownelectrical.com.au,,,,,,AU,
MMB Electrical Services Pty Ltd,mmbelectrical.com.au,mmbelectrical.com.au,,,,,,AU,
Sks Technologies Pty Ltd Adelaide,sks.com.au,sks.com.au,,,,,,AU,
HTS Constructions Pty Ltd,htsconstructions.com.au,htsconstructions.com.au,,,,,,AU,
Beijer Ref Support Pty Ltd - OEM Bankstown Aerodrome,beijerref.com.au,beijerref.com.au,,,,,,AU,
Shamrock Electrics Osborne Park,shamrockelectrics.com.au,shamrockelectrics.com.au,,,,,,AU,
ACG Integration Pty Ltd,acgin.com.au,acgin.com.au,,,,,,AU,
PTI Pacific,ptipacific.com.au,ptipacific.com.au,,,,,,AU,
Tully Sugar Ltd,tullysugar.com,tullysugar.com,,,,,,AU,
Warranknox Elect & Data Srvs Longford Woods Pty Ltd T/As,wke.com.au,wke.com.au,,,,,,AU,
Contect Electrical,contect.com,contect.com,,,,,,AU,
Altapower Industries,altapower.com.au,altapower.com.au,,,,,,AU,
Jbm Power Pty Ltd,jbmpower.com.au,jbmpower.com.au,,,,,,AU,
Energy Power Systems Australia Pty Ltd,energypower.com.au,energypower.com.au,,,,,,AU,
Elite Electrical Controls Pty Ltd,eliteelectrical.nyc,eliteelectrical.nyc,,,,,,AU,
Industrial Electrics Pty Ltd Burleigh Heads,industrialelectrics.com.au,industrialelectrics.com.au,,,,,,AU,
DCSWA Pty Ltd,dcswa.com.au,dcswa.com.au,,,,,,AU,
Xpert Electrical & Air Pty Ltd,xpertelectrical.com,xpertelectrical.com,,,,,,AU,
Comtex Group Pty Ltd,comtex.com,comtex.com,,,,,,AU,
Bourke Air Pty Ltd,bourkeair.com.au,bourkeair.com.au,,,,,,AU,
Sumich Chaplin Architects Ltd,sumichchaplin.com,sumichchaplin.com,,,,,,AU,
RCE Australia Pty Ltd Baranduda,rceaus.com.au,rceaus.com.au,,,,,,AU,
CIE (Cristaudo's Industrial Electric) As Trustee For The CIE Trust,cieas.com,cieas.com,,,,,,AU,
Bombardier Transportation Australia Pty Ltd,bombardier.com,bombardier.com,,,,,,AU,
Tui Technology Ltd Rotorua,tui.com,tui.com,,,,,,NZ,
Engineering Control Ltd,engineeringcontrolcorp.com,engineeringcontrolcorp.com,,,,,,AU,
IES Group Ltd,iesgroup.com,iesgroup.com,,,,,,AU,
Hayes International Ltd,hayesint.co.nz,hayesint.co.nz,,,,,,NZ,
BBC Technologies Ltd Hamilton,bbc-tech.com,bbc-tech.com,,,,,,NZ,
Callahan & Martella Electrical Ltd,shopcallahan.com,shopcallahan.com,,,,,,AU,
Dave Wright Electrical Ltd,davewrightphotographic.com,davewrightphotographic.com,,,,,,AU,
Tedscape Pty Ltd,tedscape.com.au,tedscape.com.au,,,,,,AU,
Hede Electrics Pty Ltd Tullamarine,hedeelectrics.com.au,hedeelectrics.com.au,,,,,,AU,
Far East Consortium South Melbourne,fareast.net.au,fareast.net.au,,,,,,AU,
Integration One Pty Ltd,i-one.com.au,i-one.com.au,,,,,,AU,
Integrated Electrical & Control Pty Ltd,integratedec.com.au,integratedec.com.au,,,,,,AU,
Aserve Victoria Pty Ltd,aserve.com.au,aserve.com.au,,,,,,AU,
Torney & Allen Pty Ltd,torneyandallen.com.au,torneyandallen.com.au,,,,,,AU,
Parratech Group Pty Ltd,parratech.com.au,parratech.com.au,,,,,,AU,
ICE Electrical Ltd,iceelectrical.com,iceelectrical.com,,,,,,AU,
Hiflow Industries Pty Ltd,hiflow.com.au,hiflow.com.au,,,,,,AU,
Comap Pty Ltd,comap.com,comap.com,,,,,,AU,
Millars Electrical Contractors Ltd,millarselectrical.co.nz,millarselectrical.co.nz,,,,,,NZ,
Industrial Marine Electrical Ltd,industrialmarineinc.com,industrialmarineinc.com,,,,,,AU,
Conditionaire International Pty Ltd,conditionaire.com.au,conditionaire.com.au,,,,,,AU,
Encome Energy Performance Australia Pty Ltd,en-come.com,en-come.com,,,,,,AU,
BGM Switchboards,bgmswitchboards.com.au,bgmswitchboards.com.au,,,,,,AU,
All Access Electrical Pty Ltd,allaccess.com,allaccess.com,,,,,,AU,
Thermaflo Ltd Palmerston North,thermaflo.co.nz,thermaflo.co.nz,,,,,,NZ,
Energy Power Dawson Engineering (Qld) Pty Ltd T/as,ep-bd.com,ep-bd.com,,,,,,AU,
Core Contracting Services Pty Ltd,corecs.com.au,corecs.com.au,,,,,,AU,
WBB Electrical Group Pty Ltd,wbbelectrical.com.au,wbbelectrical.com.au,,,,,,AU,
EIA Services Pty Ltd,eiaservices.com.au,eiaservices.com.au,,,,,,AU,
RMS Manufacturing,rmsmg.com.au,rmsmg.com.au,,,,,,AU,
LSC Lighting Systems (Aust) Pty Ltd,lsclighting.com,lsclighting.com,,,,,,AU,
Cpc Engineering Pty Ltd,cpcengineering.com.au,cpcengineering.com.au,,,,,,AU,
Praxis Systems Pty Ltd,discoverpraxis.com,discoverpraxis.com,,,,,,AU,
Rycon Electrical Services Pty Ltd,ryconelec.com.au,ryconelec.com.au,,,,,,AU,
Cummins South Pacific Pty Ltd Perth Airport,cummins.com,cummins.com,,,,,,AU,
All Switchboards,allswitch.com.au,allswitch.com.au,,,,,,AU,
Bonnetts Staff Electrical Contractors Pty Ltd,bonnettselectrical.com.au,bonnettselectrical.com.au,,,,,,AU,
Datatel Communications Pty Ltd Perth,datatelks.com,datatelks.com,,,,,,AU,
Teoma Group,teoma.tienda,teoma.tienda,,,,,,AU,
MK2 Electrical Services,mk-es.com,mk-es.com,,,,,,AU,
ICM Group WA Pty Ltd,icmgroup.com.au,icmgroup.com.au,,,,,,AU,
Reagle Switchboards Pty Ltd,reagleswitchboards.com.au,reagleswitchboards.com.au,,,,,,AU,
Macmor Electrical Contractors Pty Ltd,macmorelectrical.com.au,macmorelectrical.com.au,,,,,,AU,
Global Cabling Services,globalcabling.com.au,globalcabling.com.au,,,,,,AU,
Australis Engineering Pty Ltd,australiseng.com.au,australiseng.com.au,,,,,,AU,
Magellan Powertronics Pty Ltd,magellan-power.com.au,magellan-power.com.au,,,,,,AU,
Cpr Electrical Services Pty Ltd,cprelectrical.net.au,cprelectrical.net.au,,,,,,AU,
Impresstik Systems Unit Trust Rhodes,impresstik.com.au,impresstik.com.au,,,,,,AU,
Jenkins Data & Security Pty Ltd,jendata.com.au,jendata.com.au,,,,,,AU,
Amber Electrical Services Pty Ltd,amberelectrical.com.au,amberelectrical.com.au,,,,,,AU,
Powerlink Solutions Pty Ltd Thornleigh,powerlinksolutions.com,powerlinksolutions.com,,,,,,AU,
Greenlite Electrical Contractors Pty Ltd,greenliteelectricalcontractors.com.au,greenliteelectricalcontractors.com.au,,,,,,AU,
Brandt Electrical Services,brandtelectrical.com,brandtelectrical.com,,,,,,AU,
Automation Control & Engineering Services Pty Ltd,automation-control.com.au,automation-control.com.au,,,,,,AU,
Solarig Australia Pty Ltd,solarig.com,solarig.com,,,,,,AU,
Crest Air Conditioning Pty Ltd,crestair.com.au,crestair.com.au,,,,,,AU,
Aston Air Conditioning & Refrigeration - 68 Pty Ltd T/As,astonair.com.au,astonair.com.au,,,,,,AU,
Integrated Electrics Ltd Temuka,integratedelectrics.com,integratedelectrics.com,,,,,,AU,
Waterforce Ltd Napier,waterforce.co.nz,waterforce.co.nz,,,,,,NZ,
Noske Rail Ltd,nkrvnz.com,nkrvnz.com,,,,,,AU,
Production Techniques Ltd,production.com.au,production.com.au,,,,,,AU,
Control Tech Ltd,controltechinc.co,controltechinc.co,,,,,,AU,
Wyma Engineering (NZ) Ltd,wyma.org,wyma.org,,,,,,NZ,
KINETIC ELECTRIC SOLUTIONS LIMITED,kinetic-electric.co.nz,kinetic-electric.co.nz,,,,,,NZ,
MHM Automation New Zealand Ltd,mhmautomation.com,mhmautomation.com,,,,,,NZ,
Online Electrical Services Ltd,online-electrical-store.com,online-electrical-store.com,,,,,,AU,
Controls & Electrics Ltd,controls.com.au,controls.com.au,,,,,,AU,
Northern Electrical Services Ltd,northernelectricalllc.com,northernelectricalllc.com,,,,,,AU,
National Automation Controls Pty Ltd,nationalautomation.com.au,nationalautomation.com.au,,,,,,AU,
Enersys Pty Ltd Thomastown,enersys.com,enersys.com,,,,,,AU,
IND Technology Pty Ltd,ind-technology.com,ind-technology.com,,,,,,AU,
Dynaflow Pty Ltd,dynaflow.com.au,dynaflow.com.au,,,,,,AU,
Austek Pty Ltd,austek.net.au,austek.net.au,,,,,,AU,
Control Innovations Ltd,control-inuk.com,control-inuk.com,,,,,,AU,
Electrical Controls Automation & Design ECAD,electricalcontrolsf.com,electricalcontrolsf.com,,,,,,AU,
Kinetic Electrical East Tamaki,kineticelectrical.com.au,kineticelectrical.com.au,,,,,,AU,
Hennessy Group Ltd Hamilton,hennessy.co.nz,hennessy.co.nz,,,,,,NZ,
GPS Electrical Services (VIC) Pty Ltd,gpselec.com.au,gpselec.com.au,,,,,,AU,
Echo Boards & Products Pty Ltd,echoboards.net.au,echoboards.net.au,,,,,,AU,
ACE Electrics - Greensborough Trustee for Buswell Family Tust,aceelectricsarasota.com,aceelectricsarasota.com,,,,,,AU,
Drive Solutions NQ Pty Ltd,drivesolutions.com,drivesolutions.com,,,,,,AU,
Connex Solutions Pty Ltd Melbourne,connexsolutions.com.au,connexsolutions.com.au,,,,,,AU,
Arc Energy Switchboards Pty Ltd,arcenergy-bh.com,arcenergy-bh.com,,,,,,AU,
Lakewood Electrical Services Pty Ltd,lakewoodelectrical.com.au,lakewoodelectrical.com.au,,,,,,AU,
Vision Cabling Systems,visioncabling.com.au,visioncabling.com.au,,,,,,AU,
Tnc Cranes,tnccranes.com.au,tnccranes.com.au,,,,,,AU,
Precision Air Electrical Pty Ltd,precisionairtz.com,precisionairtz.com,,,,,,AU,
Tricom Engineering Group Pty Ltd,tricomenggroup.com,tricomenggroup.com,,,,,,AU,
Cole Contracting Pty Ltd,colecontracting.com.au,colecontracting.com.au,,,,,,AU,
Lovegrove Electrical Osborne Park,lovegrove.net.au,lovegrove.net.au,,,,,,AU,
ICS Electrical Contractors,icselectrical.com.au,icselectrical.com.au,,,,,,AU,
Karratha Electrical,karrathacitysc.com.au,karrathacitysc.com.au,,,,,,AU,
JRC Electrical Services,jrcelectrical.com.au,jrcelectrical.com.au,,,,,,AU,
SCM REF Australia Pty Ltd (OEM),scmref.com.au,scmref.com.au,,,,,,AU,
Electrotech Controls Ltd,electrotechco.com,electrotechco.com,,,,,,AU,
Ekistica,ekistica.com.au,ekistica.com.au,,,,,,AU,
Design Engineering Solutions P L ATF The Murray Family Trust,designeng.com.au,designeng.com.au,,,,,,AU,
Xylem Water Solutions Australia Ltd,xylem.com,xylem.com,,,,,,AU,
Automation & Electronics (New Zealand) Ltd,automation24.com,automation24.com,,,,,,NZ,
Battery Energy Power Solutions Pty Ltd,batteryenergy.com.au,batteryenergy.com.au,,,,,,AU,
Team Cabling Ltd (Hamilton),teamcabling.co.nz,teamcabling.co.nz,,,,,,NZ,
MYTILINEOS (NZ) PTY LIMITED,mytilineos.com,mytilineos.com,,,,,,AU,
PHOTON ENERGY ENGINEERING NZ PTY LIMITED,photonenergy.com,photonenergy.com,,,,,,NZ,
David Browne Contractors Ltd,david-browne.com,david-browne.com,,,,,,AU,
Searchfield Electrical Ltd,searchfield.co.nz,searchfield.co.nz,,,,,,NZ,
Lloyd Electrical Ltd,lloydelectrical.co.nz,lloydelectrical.co.nz,,,,,,NZ,
Butterworth Electrical Ltd Auckland,butterworth.com,butterworth.com,,,,,,NZ,
Rainer Irrigation Ltd,rainer.co.nz,rainer.co.nz,,,,,,NZ,
Proserve Electrical Ltd Lower Hutt,proserve-us.com,proserve-us.com,,,,,,AU,
Tailored Controls Ltd Rotorua,tailored.co.nz,tailored.co.nz,,,,,,NZ,
Rankin Mcmanus Electrical (2010) Ltd,rankins.co.nz,rankins.co.nz,,,,,,NZ,
Summit Electrical Services Ltd,summitelectricalservices.com,summitelectricalservices.com,,,,,,AU,
Electrel Pty Ltd,electrel.com.au,electrel.com.au,,,,,,AU,
VK Logic Pty Ltd,vklogic.com.au,vklogic.com.au,,,,,,AU,
Solar Energy Management Group Parap,solarenergymgmt.com,solarenergymgmt.com,,,,,,AU,
Tiger Automation Ltd,tiger-automation.co.nz,tiger-automation.co.nz,,,,,,NZ,
Robot Systems Pty Ltd,robotsystemsllc.com,robotsystemsllc.com,,,,,,AU,
Cube Electrical Industries Pty Ltd,cubeelectrical.com,cubeelectrical.com,,,,,,AU,
J H Tester Indust. Automation Pty Ltd,jhtester.com.au,jhtester.com.au,,,,,,AU,
Cushman & Wakefield Hurstville,cushmanwakefield.com,cushmanwakefield.com,,,,,,AU,
Jet Charge Ltd,jetcharge.com.au,jetcharge.com.au,,,,,,AU,
Direct Mechanical Services Ltd Manukau,directmech.com,directmech.com,,,,,,NZ,
A.J. Baker & Sons Pty Ltd Dry Creek,ajbaker.com.au,ajbaker.com.au,,,,,,AU,
EPG Solutions,epgsolutions.net,epgsolutions.net,,,,,,AU,
SIMPEC Pty Ltd,simpec.com.au,simpec.com.au,,,,,,AU,
Torrens Valley Electrical Cw & Cj Tilley Partners T/As,tve.com.au,tve.com.au,,,,,,AU,
Malayer Engineering Services (Mengs),mengs.com.au,mengs.com.au,,,,,,AU,
Action Automation Pty Ltd,action.com,action.com,,,,,,AU,
Hayco Electrical Pty Ltd,hayco.com,hayco.com,,,,,,AU,
Kane Constructions (QLD) Pty Ltd,kane.com.au,kane.com.au,,,,,,AU,
Ashco Energy Pty Ltd,ashcoenergy.com.au,ashcoenergy.com.au,,,,,,AU,
Pump Control Systems,pump-control.com,pump-control.com,,,,,,AU,
Copper Core Installations Pty Ltd,coppercoremusic.com,coppercoremusic.com,,,,,,AU,
MAE Refrigeration Pty Ltd,maerefrigeration.com.au,maerefrigeration.com.au,,,,,,AU,
Raven Electrical,raven.com,raven.com,,,,,,AU,
Powerhouse Wiring Solutions Pty Ltd,powerhousews.com.au,powerhousews.com.au,,,,,,AU,
Temtrol Technologies Pty Ltd Invermay,temtrol.com.au,temtrol.com.au,,,,,,AU,
Gen Care Services Pty Ltd,gcservices.com.au,gcservices.com.au,,,,,,AU,
IBISS ELECTRICAL  PTY LTD,ibisselectrical.com.au,ibisselectrical.com.au,,,,,,AU,
Neon Coast Electrical Pty Ltd,neon-coast.com,neon-coast.com,,,,,,AU,
Integral Electrical & Air-conditioning,eintegral.com.au,eintegral.com.au,,,,,,AU,
Sheren Electrics,sheren.com.au,sheren.com.au,,,,,,AU,
Bps Electrical Solutions Pty Ltd,bps-electrical.com.au,bps-electrical.com.au,,,,,,AU,
Vass Electrical Industries Pty Ltd,vass.com.au,vass.com.au,,,,,,AU,
Seeley International Pty Ltd,seeleyinternational.com,seeleyinternational.com,,,,,,AU,
Robowash Pty Ltd,robowash.com.au,robowash.com.au,,,,,,AU,
Control Electrical & Engineering,controlelectrical.com.au,controlelectrical.com.au,,,,,,AU,
Mckenzie Switchboards Pty Ltd,mckenziechinn.com,mckenziechinn.com,,,,,,AU,
Kraus & Naimer Pty Ltd,krausnaimer.com.au,krausnaimer.com.au,,,,,,AU,
MICHAEL COLIN CRAMPTON,michaelcolin.com,michaelcolin.com,,,,,,AU,
Siemag Tecberg Australia Pty Ltd,siemag-tecberg.com,siemag-tecberg.com,,,,,,AU,
Hamilton Jets Ltd,hamilton.co.nz,hamilton.co.nz,,,,,,NZ,
Marand Precision Engineering Pty Ltd,marand.com.au,marand.com.au,,,,,,AU,
Mcmahons Power Lines Pty Ltd Atf The Mcmahon Family Trust,mcmahonspowerlines.com.au,mcmahonspowerlines.com.au,,,,,,AU,
Pearmans Electrical & Mechanical Services Pty Ltd,pearmans.com.au,pearmans.com.au,,,,,,AU,
AVE Technologies Pty Ltd,avetechnologies.com.au,avetechnologies.com.au,,,,,,AU,
Technopak Ltd,technopak.co.nz,technopak.co.nz,,,,,,NZ,
Chillex Maintenance Ltd Mangere,chillex.co.nz,chillex.co.nz,,,,,,NZ,
Bishops Ltd,bishops.org.za,bishops.org.za,,,,,,AU,
Ordish & Stevens Ltd,ordish-stevens.co.nz,ordish-stevens.co.nz,,,,,,NZ,
Atrax Group NZ Ltd,atraxgroup.com,atraxgroup.com,,,,,,NZ,
Phase Electrical Ltd,phase1electrical.co.nz,phase1electrical.co.nz,,,,,,NZ,
John Stevens Ltd,john-stevens.com,john-stevens.com,,,,,,AU,
Enatel,enatel.net,enatel.net,,,,,,AU,
Brightwater Engineering,brightwater.co.nz,brightwater.co.nz,,,,,,NZ,
Electro Services Ltd,electro-services.net,electro-services.net,,,,,,AU,
Mid Canterbury Electrical Ltd,midcanterburyrugby.co.nz,midcanterburyrugby.co.nz,,,,,,NZ,
Pump Tech Industrial Power & Control,pumptech.co.nz,pumptech.co.nz,,,,,,NZ,
Interelectrical NSW Pty Ltd,interelectrical.com.au,interelectrical.com.au,,,,,,AU,
Laser Electrical Putaruru,laserelectrical.com.au,laserelectrical.com.au,,,,,,AU,
Koldpak (QLD) Pty Ltd,koldpak.com.au,koldpak.com.au,,,,,,AU,
Pro Air Systems Pty Ltd,proair-inc.com,proair-inc.com,,,,,,AU,
CR Automation Ltd,crautomation.nz,crautomation.nz,,,,,,NZ,
David Power Electrical Pty Ltd,davidpower.com.au,davidpower.com.au,,,,,,AU,
Cowell Electric Supply Pty Ltd,cowellelectric.com.au,cowellelectric.com.au,,,,,,AU,
Donaldson Australasia Pty Ltd,donaldson.com,donaldson.com,,,,,,AU,
Coast Electrics Ltd,coast.com.au,coast.com.au,,,,,,AU,
United Construction Group Pty Ltd,unitedconstruction.com,unitedconstruction.com,,,,,,AU,
SABE Services Group (Previously System Air Pty Ltd),sabe.com.au,sabe.com.au,,,,,,AU,
Addelec Power Services Pty Ltd,addelec.com.au,addelec.com.au,,,,,,AU,
Process Partners Pty Ltd,processpartners.com.au,processpartners.com.au,,,,,,AU,
Energy & Instrumentation Services,energy.com,energy.com,,,,,,AU,
Ecochill Ltd (Auckland),ecochill.co.nz,ecochill.co.nz,,,,,,NZ,
Eis Group Ltd Invercargill,eisgroups.com,eisgroups.com,,,,,,NZ,
Ryelec Pty Ltd,ryelec.com.au,ryelec.com.au,,,,,,AU,
DPA Property Group Pty Ltd,dpaproperty.com.au,dpaproperty.com.au,,,,,,AU,
Indra Australia Pty Ltd,indracompany.com,indracompany.com,,,,,,AU,
Mcgees Property Australia Pty Ltd,mcgees.com.au,mcgees.com.au,,,,,,AU,
LM Control & Power Ltd,lmcontrol.com,lmcontrol.com,,,,,,AU,
Pilbara Meta Maya Regional Aboriginal Corporation,pcgs.com.au,pcgs.com.au,,,,,,AU,
Linked Building Pty Ltd,linked.com.au,linked.com.au,,,,,,AU,
Eidis Refrigeration (WA) Pty Ltd,eidis.com.au,eidis.com.au,,,,,,AU,
cec callaghan electrical Contractors Sumner Park,cecontractors.com.au,cecontractors.com.au,,,,,,AU,
Allemand Electrical,allemandelectrical.com.au,allemandelectrical.com.au,,,,,,AU,
DMS Energy,tasmaniansolar.com.au,tasmaniansolar.com.au,,,,,,AU,
TOP GUN ELECTRICAL PTY LTD,whatsmycallsign.com,whatsmycallsign.com,,,,,,AU,
Barossa Automation,1837barossa.com.au,1837barossa.com.au,,,,,,AU,
CJ Milne Solutions Pty Ltd,cjmilnesolutions.com,cjmilnesolutions.com,,,,,,AU,
Charleville Refrigeration & Electrical Pty Ltd,charleville.com.au,charleville.com.au,,,,,,AU,
Jetstream Electrical Pty Ltd,jetstreamelectrical.com,jetstreamelectrical.com,,,,,,AU,
Mates Maintaining & Testing Electrical Services Pty Ltd,4mates.com.au,4mates.com.au,,,,,,AU,
Energize Electrical Safety Management Pty Ltd,energizeelectrical.com,energizeelectrical.com,,,,,,AU,
Pow Wow Electric Ltd,powwow.com,powwow.com,,,,,,AU,
Ben Collins Electrical Ltd,bencollins.com.au,bencollins.com.au,,,,,,AU,
Downer Group Mt Waverley,vec.com.au,vec.com.au,,,,,,AU,
Gti Process Controls Pty Ltd,gti-pc.com.au,gti-pc.com.au,,,,,,AU,
Power Technologies Pty Ltd,powertechnologies.com,powertechnologies.com,,,,,,AU,
Auto Mossa Equipment Ltd,automossa.com,automossa.com,,,,,,AU,
Brien Electrical Ltd,brienelectrical.co.nz,brienelectrical.co.nz,,,,,,NZ,
Electrical Engineering Solutions NZ,electricalmag.com,electricalmag.com,,,,,,NZ,
Kemp Electrical Ltd,kempelectrical.com.au,kempelectrical.com.au,,,,,,AU,
Epic Systems 2021 Ltd,epicsystems.co.nz,epicsystems.co.nz,,,,,,NZ,
Penny Engineering,pennyengineering.com,pennyengineering.com,,,,,,AU,
Schlumberger Australia Pty Ltd,slb.com,slb.com,,,,,,AU,
Electrical Systems Ltd,electricalsystemsinc.net,electricalsystemsinc.net,,,,,,AU,
Datacomms Plus Ltd Palmerston,datacommsplus.co.nz,datacommsplus.co.nz,,,,,,NZ,
Benson Brown,bensonbrowne.com,bensonbrowne.com,,,,,,AU,
Benash Maintenance Services Katherine,benash.com.au,benash.com.au,,,,,,AU,
Becker Vale Pty Ltd,becker.com,becker.com,,,,,,AU,
Technified Pty Ltd,technified.com.au,technified.com.au,,,,,,AU,
Airwell Group Pty Ltd,airwellgroup.com.au,airwellgroup.com.au,,,,,,AU,
CBR Power Services,cbrpowerservices.com,cbrpowerservices.com,,,,,,AU,
Eneraque Pty Ltd,eneraque.com,eneraque.com,,,,,,AU,
Rooster Automation Ltd,rooster.jobs,rooster.jobs,,,,,,AU,
Megatronic Power Systems Pty Ltd,megatronicpower.com,megatronicpower.com,,,,,,AU,
Connetics Ltd Christchurch,connetics.co.nz,connetics.co.nz,,,,,,NZ,
Sharper Automation,sharpergrp.com,sharpergrp.com,,,,,,AU,
Tait Controls (2011) Ltd Hamilton,taitcontrols.co.nz,taitcontrols.co.nz,,,,,,NZ,
Corsence Pty Ltd,corsence.com,corsence.com,,,,,,AU,
Whf Group Pty Ltd,whfgroup.com.au,whfgroup.com.au,,,,,,AU,
Steady State Pty Ltd,steadystate.com.au,steadystate.com.au,,,,,,AU,
SEQ Electronics,seq.net.au,seq.net.au,,,,,,AU,
Bolt Automation Pty Ltd,boltautomation.com.au,boltautomation.com.au,,,,,,AU,
Hall Industries Australia Pty Ltd,hallindustries.com,hallindustries.com,,,,,,AU,
Cortec Building Services Pty Ltd Perth,cortecbuildingservices.com.au,cortecbuildingservices.com.au,,,,,,AU,
Real Electrical & Automation Pty Ltd,realelectrical.com.au,realelectrical.com.au,,,,,,AU,
AME Systems (VIC) Pty Ltd,amesystems.com.au,amesystems.com.au,,,,,,AU,
Banhams WA Pty. Ltd,banhamswa.com.au,banhamswa.com.au,,,,,,AU,
Complete air systems Wangara,completeair.com,completeair.com,,,,,,AU,
Navantia Australia,navantia.com.au,navantia.com.au,,,,,,AU,
BJM Engineering Services Pty Ltd,bjmsa.com.au,bjmsa.com.au,,,,,,AU,
Automated Solutions,automatedsolutions.com.au,automatedsolutions.com.au,,,,,,AU,
Thompson Meat Machinery Pty Ltd,tmach.com.au,tmach.com.au,,,,,,AU,
Ice Engineering & Construction Pty Ltd,iceengineering.com.au,iceengineering.com.au,,,,,,AU,
Favelle Favco Cranes Pty Ltd,favellefavco.com,favellefavco.com,,,,,,AU,
Bosch Rexroth Pty Ltd,boschrexroth.com,boschrexroth.com,,,,,,AU,
Bundaberg Walkers Engineering Ltd,bundabergwalkers.com.au,bundabergwalkers.com.au,,,,,,AU,
Deluxe Lighting Services Galaxie Manu & Design T/As,deluxeiluminacion.com,deluxeiluminacion.com,,,,,,AU,
Paksmart Pty Ltd,paksmartinternational.com.au,paksmartinternational.com.au,,,,,,AU,
Exectronics Pty Ltd,exectronics.com.au,exectronics.com.au,,,,,,AU,
CR Engineering,crengineering.com.au,crengineering.com.au,,,,,,AU,
Dalkeith Electrics Pty Ltd,dalkeithelectrics.com,dalkeithelectrics.com,,,,,,AU,
DNA Electrical Pty Ltd,dnaelectrical.com.au,dnaelectrical.com.au,,,,,,AU,
Cooltimes Services Pty Ltd,cooltimes.com.au,cooltimes.com.au,,,,,,AU,
Tesla Electrical Ltd,teslaelectrician.com.au,teslaelectrician.com.au,,,,,,AU,
Infracon Pacific Pty Ltd,infracon.com.eg,infracon.com.eg,,,,,,AU,
TSA Tech Ltd T/A TSA Lighting,tsatech.co.nz,tsatech.co.nz,,,,,,NZ,
Brady Electrical And Control Ltd,bradyunited.org,bradyunited.org,,,,,,AU,
DRE Systems Ltd Wellington,dresystems.co.nz,dresystems.co.nz,,,,,,NZ,
EMF Electrical Ltd,emfelectrical.com,emfelectrical.com,,,,,,AU,
Nelmac Ltd Nelson,nelmac.co.nz,nelmac.co.nz,,,,,,NZ,
Autoline Automation Ltd,carbines.co.nz,carbines.co.nz,,,,,,NZ,
Ellis Air Conditioning (QLD) Pty Ltd,ellisair.com.au,ellisair.com.au,,,,,,AU,
IINGEN,iingen.com.au,iingen.com.au,,,,,,AU,
GPA Engineering - Perth,gpaeng.com.au,gpaeng.com.au,,,,,,AU,
InfoSCADA Ltd,infoscada.com,infoscada.com,,,,,,AU,
Adaptus Technology Ltd,adaptus.com.au,adaptus.com.au,,,,,,AU,
Apex Electrical Services Pty Ltd Tuggerah,apexnorman.com,apexnorman.com,,,,,,AU,
CLEA Solutions Pty Ltd,cleasolutions.com,cleasolutions.com,,,,,,AU,
Wagtec Pty Ltd Brisbane QLD,wagtec.com,wagtec.com,,,,,,AU,
TEW Solutions,tewsolutions.com.au,tewsolutions.com.au,,,,,,AU,
Applied Air Conditioning Sa Pty Ltd,appliedair.com,appliedair.com,,,,,,AU,
Calect Electrical Ltd Oamaru Otago,calect.com,calect.com,,,,,,AU,
Energy NZ Ltd,energy3.nz,energy3.nz,,,,,,NZ,
Enerven,enerven.com.au,enerven.com.au,,,,,,AU,
Vipr Industries Electricidal Solutions,viprindustries.com.au,viprindustries.com.au,,,,,,AU,
DEC Installations NT Pty Ltd,decinstallations.net,decinstallations.net,,,,,,AU,
Enwise Electrical Pty Ltd,enwise.com.au,enwise.com.au,,,,,,AU,
Zener Electric VIC Pty Ltd,zener.com.au,zener.com.au,,,,,,AU,
Q Automation Pty Ltd,qautomation.com.au,qautomation.com.au,,,,,,AU,
Brouwer Engineering Pty Ltd,brouwer.com.au,brouwer.com.au,,,,,,AU,
Andrew Engineering (Australia) Pty Ltd,andeng.com.au,andeng.com.au,,,,,,AU,
Ashburton Electrical,ashburtonventures.com,ashburtonventures.com,,,,,,AU,
Smooth-Air Products Ltd Christchurch,smooth-air.co.nz,smooth-air.co.nz,,,,,,NZ,
Excel Refrigeration & Airconditioning (Waikato) Ltd,excelrefrigeration.com,excelrefrigeration.com,,,,,,NZ,
Vertex Power & Process Pty Ltd,vertexinc.com,vertexinc.com,,,,,,AU,
Burkert Australia Pty Ltd,burkert.com.au,burkert.com.au,,,,,,AU,
Leopard Controls Belmont,leopardcontrols.com.au,leopardcontrols.com.au,,,,,,AU,
Techcorp Services Malaga,techcorpservices.com.au,techcorpservices.com.au,,,,,,AU,
Industrial Power & Control Ltd,ipandc.com,ipandc.com,,,,,,AU,
Cybernetic Systems Limited,cyberneticbe.com,cyberneticbe.com,,,,,,AU,
Consoft Automation Pty Ltd,consoft.com.au,consoft.com.au,,,,,,AU,
Brush Switchgear Australia,brushswitchgear.com,brushswitchgear.com,,,,,,AU,
Kent Projects Pty Ltd,kent.com.au,kent.com.au,,,,,,AU,
Precision Electrical Services,precision-electrical-contractor.com,precision-electrical-contractor.com,,,,,,AU,
Lifesaver Electrical & Air Conditioning,lsea.com.au,lsea.com.au,,,,,,AU,
Catalyst Power,catalystpower.org,catalystpower.org,,,,,,AU,
Dentifit Australia,dentifit.com.au,dentifit.com.au,,,,,,AU,
Commercial Mechanical Services (VIC) Pty Ltd,com-mech.com,com-mech.com,,,,,,AU,
Ptronik Pty Ltd,ptronik.com,ptronik.com,,,,,,AU,
Salcan Process Technology Pty Ltd,salcanpt.com,salcanpt.com,,,,,,AU,
Public Works Department,pwd.gov.bd,pwd.gov.bd,,,,,,AU,
Automaint Solutions,automaint.com.au,automaint.com.au,,,,,,AU,
Automation Techniques Ltd,automationtechniques.co.nz,automationtechniques.co.nz,,,,,,NZ,
Power Controls and Electrical Ltd,powercontrolsystems.com.au,powercontrolsystems.com.au,,,,,,AU,
CAB ELECTRICAL LTD,cabelectrical.com,cabelectrical.com,,,,,,AU,
Prolec Automation & Electrical Services Ltd,prolec.energy,prolec.energy,,,,,,AU,
Furnace Engineering Pty Ltd,furnace.com.au,furnace.com.au,,,,,,AU,
Complete Automation Ltd,completeautomation.com.au,completeautomation.com.au,,,,,,AU,
Integrated Control Services Ltd,goicc.com,goicc.com,,,,,,AU,
jo carmichael interiors,jocarmichaelinteriors.com,jocarmichaelinteriors.com,,,,,,AU,
Flyash Australia Pty Ltd,flyashaustralia.com.au,flyashaustralia.com.au,,,,,,AU,
Pepperl & Fuchs (Australia) Pty Ltd,pepperleaf.com.au,pepperleaf.com.au,,,,,,AU,
Pacific Controls Pty Ltd,paccon.com.au,paccon.com.au,,,,,,AU,
Premier Electrical,premierelectricalgroup.com.au,premierelectricalgroup.com.au,,,,,,AU,
Ambient Mechanical Services Pty Ltd,ambientservicesgroup.com.au,ambientservicesgroup.com.au,,,,,,AU,
Quantum Engineering & Consulting Group Pty Ltd,quantumengr.com,quantumengr.com,,,,,,AU,
Becker Mining Australia Pty Ltd,beckermining.com.au,beckermining.com.au,,,,,,AU,
Brian Perry Civil,brianperrycivil.co.nz,brianperrycivil.co.nz,,,,,,NZ,
MMG Engineering Pty Ltd,mmgengineering.com.au,mmgengineering.com.au,,,,,,AU,
Innovative Control Systems Ltd,icscarwashsystems.com,icscarwashsystems.com,,,,,,AU,
Haycolec Pty Ltd ATF Haycolec VF & JS Trust,haycolec.com.au,haycolec.com.au,,,,,,AU,
Energise electrical Contractors,energise.pro,energise.pro,,,,,,AU,
Brentwood Recycling Systems,brentwood.com.au,brentwood.com.au,,,,,,AU,
Norton Consultants Pty Ltd,nortonconsultants.com,nortonconsultants.com,,,,,,AU,
Willyung Electrical & Controls Engineering Willyung,wece.com.au,wece.com.au,,,,,,AU,
Electrical Construction and Design Ltd,ecdi.net,ecdi.net,,,,,,AU,
Eca Systems Pty Ltd,ecasystems.com.au,ecasystems.com.au,,,,,,AU,
Cut Coal Technology Holdings Pty Ltd,cutcoaltechnology.com.au,cutcoaltechnology.com.au,,,,,,AU,
SEEPEX Australia Pty Ltd,seepex.com,seepex.com,,,,,,AU,
Aquasol Pty Ltd,aquaetsol.com,aquaetsol.com,,,,,,AU,
Alstom Transport (V/Line) Australia Pty Ltd,alstom.com,alstom.com,,,,,,AU,
Milspec Manufacturing Pty Ltd,milspecmanufacturing.com,milspecmanufacturing.com,,,,,,AU,
Ronin Control Systems Pty Ltd,ronincontrols.com.au,ronincontrols.com.au,,,,,,AU,
Nukon Pty Ltd,nukon.com,nukon.com,,,,,,AU,
Air & Odour Management Australia T/as Technics Security Australia Pty Ltd,air.inc,air.inc,,,,,,AU,
Cummins South Pacific Pty Ltd Scoresby,explorecummins.com.au,explorecummins.com.au,,,,,,AU,
Veolia Water Technologies (Australia) Pty Ltd,veoliawatertechnologies.com,veoliawatertechnologies.com,,,,,,AU,
Kwick Electrical Pty Ltd,kwick.io,kwick.io,,,,,,AU,
NV Electrical & Data,nvelectrical.com,nvelectrical.com,,,,,,AU,
RPS Switchgear Ltd Petone,rpsswitchgear.com,rpsswitchgear.com,,,,,,AU,
EJ Electrical Engineering Contractors T/As MMC Electrical Engineering Pty Ltd,ejelectrical.com.au,ejelectrical.com.au,,,,,,AU,
Socomec Pty Ltd,socomecspa.com,socomecspa.com,,,,,,AU,
Marine Technicians Australia,marinetechniciansaustralia.com.au,marinetechniciansaustralia.com.au,,,,,,AU,
Sustainable Solutions International Pty Ltd,sustainablesolutionsinternational.com,sustainablesolutionsinternational.com,,,,,,AU,
Prysmian Power Cables & System,prysmian.com,prysmian.com,,,,,,AU,
Alpha Cool Cairns Pty Ltd,alphacool.com.au,alphacool.com.au,,,,,,AU,
BSR Australia,bsr.org,bsr.org,,,,,,AU,
Macfarlane Generators Pty Ltd Clayton South,macfarlanegenerators.com.au,macfarlanegenerators.com.au,,,,,,AU,
Emerson Process Management Bayswater (Emerson Electric),emerson.com,emerson.com,,,,,,AU,
Powertronix Pty Ltd,powertronix.com,powertronix.com,,,,,,AU,
Stainless Designs Pty Ltd,stainlessdesigns.com.au,stainlessdesigns.com.au,,,,,,AU,
Sealy of Australia,sealy.com.au,sealy.com.au,,,,,,AU,
Industry Group Services (Qld) Pty Ltd,igsqld.com.au,igsqld.com.au,,,,,,AU,
Risen Energy (Australia) Pty Ltd,risenenergy.com.au,risenenergy.com.au,,,,,,AU,
Matelec Australia Montreaux Pty Ltd T/as Shepparton,matelecaustralia.com.au,matelecaustralia.com.au,,,,,,AU,
Inland Power Solutions Pty Ltd,inlandpowersolutions.com.au,inlandpowersolutions.com.au,,,,,,AU,
High Power and Voltage Systems,highpowersolar.com.au,highpowersolar.com.au,,,,,,AU,
Selectemp Electrical Services Pty Ltd,selectemp.jobs,selectemp.jobs,,,,,,AU,
Airefrig Australia Pty Ltd,airefrig.com.au,airefrig.com.au,,,,,,AU,
ECM Industrial,ecmweb.com,ecmweb.com,,,,,,AU,
Run Energy Pty Ltd Clayton,runenergy.com,runenergy.com,,,,,,AU,
CST Automation Pty Ltd,cst.net.au,cst.net.au,,,,,,AU,
Viasat Australia Pty Ltd,viasat.com,viasat.com,,,,,,AU,
PowerGen Australia Pty Ltd,powergenaustralia.com.au,powergenaustralia.com.au,,,,,,AU,
Tortora Automation Pty Ltd,tortoraautomation.com.au,tortoraautomation.com.au,,,,,,AU,
Optimal Group Australia Pty Ltd,optimalgroup.com.au,optimalgroup.com.au,,,,,,AU,
ACSsolar,acssolar.com.au,acssolar.com.au,,,,,,AU,
Livewire Solutions & Services Pty Ltd,livewireautomation.com,livewireautomation.com,,,,,,AU,
Smardt Chillers Pty Ltd,smardt.com.au,smardt.com.au,,,,,,AU,
Clough Projects Australia Pty Ltd,cloughamec.com.au,cloughamec.com.au,,,,,,AU,
Colrol Pty Ltd,colrol.com.au,colrol.com.au,,,,,,AU,
D B Technical Services Pty Ltd,db2ts.com,db2ts.com,,,,,,AU,
Crown Cabling Pty Ltd Alexandria,crowncabling.com.au,crowncabling.com.au,,,,,,AU,
Lowbake Australia Pty Ltd,lowbake.com,lowbake.com,,,,,,AU,
Fluid Chillers Australia Pty Ltd,fluidchillersaustralia.com.au,fluidchillersaustralia.com.au,,,,,,AU,
Perth Solar Warehouse,perthsolarwarehouse.com.au,perthsolarwarehouse.com.au,,,,,,AU,
Natec Australia Pty Ltd,natec.com,natec.com,,,,,,AU,
Hifraser Pty Ltd,hifraser.com.au,hifraser.com.au,,,,,,AU,
Mcwilkys Electrical Wynyard,mcwilkys.com.au,mcwilkys.com.au,,,,,,AU,
Wallbridge Gibert Aztec,wall-bridge.com,wall-bridge.com,,,,,,AU,
SierraTek Global Pty Ltd Newcastle,sierratek.com.au,sierratek.com.au,,,,,,AU,
Erilyan,erilyan.com.au,erilyan.com.au,,,,,,AU,
SitePro 1,site.pro,site.pro,,,,,,AU,
Superheat Pty Ltd,superheatinc.net,superheatinc.net,,,,,,AU,
Galaxy Plumbing (Qld) Pty Ltd,galaxyplumbing.com.au,galaxyplumbing.com.au,,,,,,AU,
Jgp Electrical Cq Pty Ltd Parkhurst,heatstrikepest.com,heatstrikepest.com,,,,,,AU,
Subtilis Engineering Pty Ltd,subtilis.com.au,subtilis.com.au,,,,,,AU,
Thermo King Rail Australia,thermoking.com,thermoking.com,,,,,,AU,
Amped Specialist Electrical Pty Ltd,ampedelectricalservices.com.au,ampedelectricalservices.com.au,,,,,,AU,
Berendsen Fluid Power Pty Ltd,berendsen.com.au,berendsen.com.au,,,,,,AU,
Veem Ltd,veem.com.au,veem.com.au,,,,,,AU,
Kaizen Air Conditioning Services Pty Ltd,kaizenair.com.au,kaizenair.com.au,,,,,,AU,
SRG Global Ltd SRG Global Integrated Services Pty Ltd,srgglobal.com.au,srgglobal.com.au,,,,,,AU,
Bremco Electrical Pty Ltd,bremco.com.au,bremco.com.au,,,,,,AU,
Systems Connect,systemsconnect.com,systemsconnect.com,,,,,,AU,
Velocity Air Pty Ltd,velocityair.com.au,velocityair.com.au,,,,,,AU,
Advanced Air Conditioning Pty Ltd Northgate,advair.com.au,advair.com.au,,,,,,AU,
Campeyn Group Pty Ltd,campeyngroup.com.au,campeyngroup.com.au,,,,,,AU,
O'Connors Mechanical Construction (Sa) Pty Ltd,oconnors.com.au,oconnors.com.au,,,,,,AU,
Elite Mechanical Solutions Pty Ltd,elitemechanicalnc.com,elitemechanicalnc.com,,,,,,AU,
Cold Logic Pty Ltd,coldlogic.com.au,coldlogic.com.au,,,,,,AU,
Precision Mech Services (Aust)Pty Ltd,precisionmech.org,precisionmech.org,,,,,,AU,
System Air Pty Ltd,systemair.com.au,systemair.com.au,,,,,,AU,
Cabot Consultants D & M Cabot Atfcabot Family Trust,cabotcorp.com,cabotcorp.com,,,,,,AU,
Crowdstrike Australia Pty Ltd,crowdstrike.com,crowdstrike.com,,,,,,AU,
JP Electrical Contractors,jandpelectrical.com,jandpelectrical.com,,,,,,AU,
Air Conditioning Direct Pty Ltd,airconditioning-online.com.au,airconditioning-online.com.au,,,,,,AU,
Auscomp Engineers Pty Ltd,auscompeng.com.au,auscompeng.com.au,,,,,,AU,
Food Equipment Group Wetherill Park,foodequipmentgroup.com.au,foodequipmentgroup.com.au,,,,,,AU,
FLOVEYOR PTY LTD,floveyor.com,floveyor.com,,,,,,AU,
Swisslog Australia Pty Ltd,swisslog.com,swisslog.com,,,,,,AU,
Austonne Pty Ltd,austonne.com.au,austonne.com.au,,,,,,AU,
Powertech Pty Ltd Osborne Park,pt-steel.com,pt-steel.com,,,,,,AU,
DNA Construction Pty Ltd,dnaconstruction.net,dnaconstruction.net,,,,,,AU,
JMS SCADA,jms-car.com,jms-car.com,,,,,,AU,
Decon Technologies Pty Ltd,decontechnologies.com,decontechnologies.com,,,,,,AU,
Centrepoint Pty Ltd C/- Mcgees National Property Consultants,centrepoint.com,centrepoint.com,,,,,,AU,
Falcon Cranes Pty Ltd,falconcranes.com.au,falconcranes.com.au,,,,,,AU,
MBI ENGINEERING PTY LTD,mbieng.com.au,mbieng.com.au,,,,,,AU,
QUANTUM SOLAR PTY LTD,quantumsolar.com.au,quantumsolar.com.au,,,,,,AU,
Shepelec Contracting Services,shepelec.net.au,shepelec.net.au,,,,,,AU,
Sole Electrical & Solar,soleelectricalsolar.com.au,soleelectricalsolar.com.au,,,,,,AU,
Solar Suite,solarsuite.com.au,solarsuite.com.au,,,,,,AU,
DAVIS HART ELECTRICAL SOLUTIONS PTY LTD,davishartes.com.au,davishartes.com.au,,,,,,AU,
Mcconnell Dowell Corporation Ltd,mcconnelldowell.com,mcconnelldowell.com,,,,,,AU,
Ace Materials Handling Pty Ltd,acematerialshandling.com.au,acematerialshandling.com.au,,,,,,AU,
ADEO ELECTRICAL PTY LTD,adeo.com,adeo.com,,,,,,AU,
REStech Solutions,restech.solutions,restech.solutions,,,,,,AU,
Bradfield Consortium,brr-architects.com,brr-architects.com,,,,,,AU,
Alphakilo Electro - Technical,alphakilo.com.au,alphakilo.com.au,,,,,,AU,
All Gen Solutions,allgensolutions.com.au,allgensolutions.com.au,,,,,,AU,
Summit International Products T/As Chill Refrigeration & Air Conditioning NSW Pty Ltd,summitint.co,summitint.co,,,,,,AU,
HomeSafeGV,homesafegv.com.au,homesafegv.com.au,,,,,,AU,
TEMPO STUDIO PTY LTD,tempostudio.net,tempostudio.net,,,,,,AU,
Decmil Australia Pty Ltd,decmil.com,decmil.com,,,,,,AU,
Cogent Energy Pty Ltd Melbourne,cogentenergy.com.au,cogentenergy.com.au,,,,,,AU,
ECM Group Pty Ltd,ecmgroup.com.au,ecmgroup.com.au,,,,,,AU,
GM Mining Electrics G & L Murphy Nominees Pty Ltd T/as,gmminingelectrics.com.au,gmminingelectrics.com.au,,,,,,AU,
SRT Combustion Engineering Pty Ltd,srtcombustion.com.au,srtcombustion.com.au,,,,,,AU,
Hydromech Pty Ltd,hydromech.com.au,hydromech.com.au,,,,,,AU,
Kimberley Regional Service Providers Broome,krsp.com.au,krsp.com.au,,,,,,AU,
Hartex Engineering & Installation Services Pty Ltd,hartexengineering.com.au,hartexengineering.com.au,,,,,,AU,
Nai Quip Pty Ltd Welshpool,naiquip.com.au,naiquip.com.au,,,,,,AU,
Specialised Lifting Service,slscranes.com.au,slscranes.com.au,,,,,,AU,
Brown Brothers Engineers Australia Pty Ltd - Arndell Park,brownbros.com.au,brownbros.com.au,,,,,,AU,
Otis Elevator Company Pty Ltd Penrith,otisinvestors.com,otisinvestors.com,,,,,,AU,
IndustrialNow Pty Ltd,industrialnow.com.au,industrialnow.com.au,,,,,,AU,
Vibe Energy,vibeenergy.com.au,vibeenergy.com.au,,,,,,AU,
Johnstone McGee & Gandy Pty Ltd Hobart,istopsmokinghypnosis.com,istopsmokinghypnosis.com,,,,,,AU,
Adnet Technology Australia Pty Ltd,adnet-technology.com.au,adnet-technology.com.au,,,,,,AU,
Swanbury Penglase Architects Pty Ltd Adelaide,swanburypenglase.com,swanburypenglase.com,,,,,,AU,
Poly Pipe Pty Ltd,polypipe.com,polypipe.com,,,,,,AU,
Sandvik Rock Processing Australia Pty Ltd,home.sandvik,home.sandvik,,,,,,AU,
GRG Consulting Engineers Thebarton,grgconsulting.co.nz,grgconsulting.co.nz,,,,,,NZ,
Incite Security,incitesecurity.com.au,incitesecurity.com.au,,,,,,AU,
Energy Air Services,energyair.com.au,energyair.com.au,,,,,,AU,
Arpex Solutions Harmik Margosian T/as,arpexpartners.com,arpexpartners.com,,,,,,AU,
Just Wright Electrical Ltd,justwright.com.au,justwright.com.au,,,,,,AU,
Omega Quay Ltd,omega.com,omega.com,,,,,,AU,
Overhead Electrical Ltd,overheadelectrical.com.au,overheadelectrical.com.au,,,,,,AU,
Charged Up Electrical Ltd,chargedupev.co,chargedupev.co,,,,,,AU,
Trions electrical ltd.,trions.com,trions.com,,,,,,AU,
PIMS 2004 Ltd,pims.io,pims.io,,,,,,AU,
Mission Critical Systems Pty Ltd,mcsdistribution.com.au,mcsdistribution.com.au,,,,,,AU,
Ahern Consulting Engineers Pty Ltd,ahern-nichols.com,ahern-nichols.com,,,,,,AU,
