channel,channel_key,phase,geo,flight_start,flight_end,imp_target,reach_target,click_target,ctr_target,spend_target,live,note,spend_target_eur,budget_group
Programmatic - Premium Publishers through TradeDesk,tradedesk,Awareness,"South America (Brazil & Chile), MEA (Saudi Arabia, Yemen, & UAE), Pacific (Australia), and India",2026-05-17,2026-12-31,5696000,1898666.6666666667,11392,0.002,85440,1,DC/infrastructure readership / Regional targeting / Theme-aligned bursts / TAL match via PMPs,48000,paid_media
Programmatic - TradeDesk,tradedesk,Awareness,"South America (Brazil & Chile), MEA (Saudi Arabia, Yemen, & UAE), Pacific (Australia), and India",2026-05-17,2026-12-31,3560000,1186666.6666666667,6052,0.0017,53400,1,TAL / Intent signals: liquid cooling / AI data centre / high-density cooling / thermal mgmt / Behaviour segmentation / Persona-based,30000,paid_media
Search,search,Awareness,"South America (Brazil & Chile), MEA (Saudi Arabia, Yemen, & UAE), Pacific (Australia)",2026-08-01,2026-12-31,7476000,,,0.05,67284,0,"Solution architecture terms / Component/system terms: cooling distribution units, heat exchangers / Problem-led queries / Competitor conquest (Vertiv) / Sustainability terms / RLSA on engaged visitors | June 9: Remove India from Search, less $7476",37800,paid_media
LinkedIn,linkedin,Awareness,"South America (Brazil & Chile), MEA (Saudi Arabia, Yemen, & UAE), Pacific (Australia), and India",2026-04-20,2026-12-31,1020882.3529411765,255220.58823529413,5614.85294117647,0.0055,69420,1,"TAL + seniority/function / Streams: Design/Build vs Operate/Maintain / CTO, VP of Engineering, Facilities Directors and Managers",39000,paid_media
LinkedIn Bombora Overlay,linkedin,Awareness,See above,,,,,,,6330.2694,0,See above + intent topics | Additional cost for intent overlay based on spend to date;  15% of remaining media spend,3556.3311235955057,paid_media
Reddit,reddit,Awareness,"Australia, India & Brazil",,,2670000,534000,8811,0.0033,26700,0,"Infra/engineering interest clusters / Contextual targeting: sysadmin, networking, HPC, data center communities / Curated subreddit whitelist | SE team setting up global Reddit account",15000,paid_media
Programmatic - TradeDesk,tradedesk,Retargeting,"South America (Brazil & Chile), MEA (Saudi Arabia, Yemen, & UAE), Pacific (Australia), and India",,,6408000,1281600,10893.599999999999,0.0017,96120,0,TAL / Intent / Behaviour segmentation / Persona-based / Retargeting pools segmented by engagement (time-on-site / depth) | No assets (asked Lem for them) + audience too small,54000,paid_media
LinkedIn,linkedin,Retargeting,"South America (Brazil & Chile), MEA (Saudi Arabia, Yemen, & UAE), Pacific (Australia), and India",,,1099411.7647058824,366470.58823529416,6046.764705882353,0.0055,74760,0,Retarget engaged audiences from awareness pool / LinkedIn website retargeting + video viewers + document engagers / Lookalike expansion | No assets (asked Lem for them) + audience too small,42000,paid_media
LinkedIn Bombora Overlay,linkedin,Retargeting,See above,,,,,,,11214,0,See above + intent topics | Additional cost for intent overlay based on spend to date;  15% of remaining media spend,6300,paid_media
tbc - 100% to advise,tbc,Intent only audience test,"South America (Brazil & Chile), MEA (Saudi Arabia, Yemen, & UAE), Pacific (Australia), and India",,,,,,,10000,0,ICP + Intent (see task tracker) | Region-specific campaigns to be set up,5617.9775280898875,paid_media
Best Performing,reinvest,New / Reinvestment Bucket,"Split three ways across MEA, SAM, ANZ for optimisation of best performing channel/tactics in Phase 2; Reallocated from Lead Gen and India Search Budget",,,,,,,9331.730599999999,0,"MEA, SAM, ANZ | Discuss on Tuesday",5242.545280898876,reinvestment
Pangea,pangea,Lead Generation,"South America (Brazil & Chile), MEA (Saudi Arabia, Yemen, & UAE), Pacific (Australia), and India",,2026-10-31,,400,,,24000,0,Seniority/ function gating | Regional targeting | TAL matching | No assets (asked Lem for them) TAL is narrow except India,13483.14606741573,lead_gen
